time,games,steps,buffer,policy_loss,value_loss,positions_per_sec
1781312420,211,30,15749,6.1931,0.9341,320
1781312428,411,59,30620,3.8849,0.8739,1734
1781312522,511,74,38246,3.3525,0.8333,132
1781313008,511,74,38246,nan,nan,0
1781313106,611,89,46073,3.1880,0.8237,96
1781313108,711,103,53216,3.0915,0.8144,3268
1782359664,1011,148,76363,2.9945,0.8163,393
1782359671,1311,194,99840,2.8376,0.8055,3815
1782359863,1611,238,122221,2.7353,0.7976,519
1782359870,1911,284,146009,2.6663,0.7839,3402
1782359982,2211,329,168816,2.6431,0.7756,575
1782359988,2511,373,191591,2.6067,0.7719,3893
1782359994,2811,420,215579,2.5776,0.7727,3883
1782360000,3111,464,238310,2.5360,0.7787,3909
1782360006,3411,510,261925,2.5118,0.7770,4013
1782360011,3711,556,285373,2.4583,0.7787,4143
1782360986,4011,601,308512,2.4452,0.7889,592
1782360990,4311,647,332208,2.4337,0.7775,5409
1782360994,4611,692,355410,2.4107,0.7836,6223
1782361099,5611,849,435982,2.3812,0.7852,1811
1782361114,6611,1005,500000,2.3428,0.7819,5654
1782361128,7611,1158,500000,2.2940,0.7873,5385
1782361143,8611,1312,500000,2.2653,0.7864,5318
1782361158,9611,1466,500000,2.2262,0.7821,5224
1782361173,10611,1623,500000,2.1851,0.7852,5267
1782361192,11611,1778,500000,2.1738,0.7777,4322
1782361205,12611,1928,500000,2.1414,0.7751,5597
1782361219,13611,2076,500000,2.1249,0.7699,5435
1782361234,14611,2227,500000,2.0874,0.7708,5396
1782361248,15611,2379,500000,2.0654,0.7785,5315
1782361263,16611,2529,500000,2.0426,0.7721,5202
1782361278,17611,2677,500000,2.0263,0.7765,5065
1782361294,18611,2827,500000,2.0089,0.7754,4878
1782361310,19611,2975,500000,1.9939,0.7738,4749
1782361326,20611,3124,500000,1.9775,0.7703,4745
1782361343,21611,3277,500000,1.9672,0.7709,4634
1782361360,22611,3428,500000,1.9627,0.7674,4538
1782361377,23611,3576,500000,1.9500,0.7591,4527
1782361394,24611,3725,500000,1.9478,0.7500,4516
1782361412,25611,3875,500000,1.9346,0.7479,4279
1782361430,26611,4029,500000,1.9250,0.7464,4391
1782361450,27611,4172,500000,1.9034,0.7449,3649
1782361467,28611,4323,500000,1.9084,0.7430,4489
1782361484,29611,4474,500000,1.8949,0.7452,4491
1782361502,30611,4626,500000,1.8789,0.7393,4411
1782361519,31611,4773,500000,1.8697,0.7454,4406
1782361536,32611,4922,500000,1.8670,0.7410,4366
1782361554,33611,5073,500000,1.8562,0.7425,4386
1782361571,34611,5222,500000,1.8690,0.7337,4395
1782361589,35611,5371,500000,1.8500,0.7354,4304
1782361606,36611,5516,500000,1.8483,0.7445,4316
1782361624,37611,5667,500000,1.8475,0.7450,4317
1782361642,38611,5819,500000,1.8287,0.7458,4327
1782361660,39611,5967,500000,1.8322,0.7413,4268
1782361677,40611,6118,500000,1.8250,0.7336,4414
1782361695,41611,6264,500000,1.8140,0.7398,4277
1782361713,42611,6416,500000,1.8130,0.7363,4358
1782361731,43611,6569,500000,1.8122,0.7254,4390
1782361753,44611,6726,500000,1.8003,0.7218,3638
1782361771,45611,6881,500000,1.8010,0.7117,4400
1782361788,46611,7033,500000,1.7901,0.7113,4413
1782361806,47611,7183,500000,1.7871,0.7026,4433
1782361824,48611,7338,500000,1.7745,0.7026,4472
1782361842,49611,7494,500000,1.7825,0.7039,4398
1782361860,50611,7647,500000,1.7744,0.7077,4321
1782361878,51611,7803,500000,1.7664,0.7101,4459
1782361896,52611,7958,500000,1.7662,0.7012,4440
1782361913,53611,8111,500000,1.7584,0.7002,4484
1782361931,54611,8264,500000,1.7507,0.6981,4400
1782361949,55611,8419,500000,1.7455,0.6979,4402
1782361967,56611,8570,500000,1.7403,0.7030,4259
1782361985,57611,8724,500000,1.7425,0.7013,4301
1782362004,58611,8881,500000,1.7449,0.6987,4414
1782362022,59611,9036,500000,1.7470,0.7006,4308
1782362040,60611,9190,500000,1.7324,0.6991,4414
1782362058,61611,9343,500000,1.7368,0.7090,4388
1782362076,62611,9498,500000,1.7362,0.7018,4462
1782362094,63611,9650,500000,1.7225,0.7004,4319
1782362116,64611,9801,500000,1.7235,0.7061,3461
1782362134,65611,9951,500000,1.7299,0.7061,4327
1782362151,66611,10101,500000,1.7377,0.7014,4310
1782362170,67611,10253,500000,1.7301,0.7107,4236
1782362187,68611,10402,500000,1.7211,0.7081,4328
1782362204,69611,10541,500000,1.7285,0.7130,4183
1782362222,70611,10691,500000,1.7319,0.7150,4264
1782362240,71611,10841,500000,1.7236,0.7121,4351
1782362258,72611,10995,500000,1.7185,0.7075,4389
1782362276,73611,11143,500000,1.7311,0.7069,4282
1782362293,74611,11295,500000,1.7203,0.7015,4418
1782362311,75611,11442,500000,1.7108,0.7005,4289
1782362328,76611,11580,500000,1.7045,0.7013,4230
1782362345,77611,11727,500000,1.7038,0.7003,4289
1782362363,78611,11876,500000,1.7012,0.7002,4316
1782362383,79611,12026,500000,1.6994,0.7045,3760
1782362401,80611,12177,500000,1.6991,0.7048,4338
1782362418,81611,12326,500000,1.7013,0.7079,4363
1782362436,82611,12476,500000,1.7035,0.7021,4397
1782362453,83611,12624,500000,1.6955,0.7002,4315
1782362471,84611,12774,500000,1.6924,0.6994,4344
1782362489,85611,12922,500000,1.7055,0.7012,4375
1782362507,86611,13074,500000,1.6971,0.7010,4261
1782362524,87611,13223,500000,1.6988,0.7024,4397
1782362541,88611,13368,500000,1.6917,0.7036,4357
1782362559,89611,13519,500000,1.7031,0.7016,4363
1782362576,90611,13669,500000,1.6911,0.7016,4381
1782362594,91611,13819,500000,1.6981,0.6951,4351
1782362612,92611,13967,500000,1.6995,0.7043,4220
1782362630,93611,14118,500000,1.6997,0.7039,4358
1782362647,94611,14267,500000,1.7001,0.7088,4349
1782362665,95611,14417,500000,1.6990,0.7087,4272
1782362683,96611,14566,500000,1.6830,0.7076,4396
1782362699,97611,14711,500000,1.6844,0.7094,4437
1782362719,98611,14866,500000,1.6833,0.6992,3980
1782362735,99611,15022,500000,1.6903,0.6926,5264
1782362749,100611,15177,500000,1.6717,0.6863,5368
1782362765,101611,15337,500000,1.6824,0.6845,5416
1782362779,102611,15492,500000,1.6741,0.6735,5370
1782362794,103611,15645,500000,1.6615,0.6674,5348
1782362809,104611,15799,500000,1.6618,0.6624,5375
1782362824,105611,15954,500000,1.6719,0.6661,5321
1782362838,106611,16109,500000,1.6761,0.6699,5442
1782362853,107611,16263,500000,1.6705,0.6674,5455
1782362867,108611,16420,500000,1.6640,0.6663,5496
1782362881,109611,16572,500000,1.6712,0.6652,5471
1782362896,110611,16726,500000,1.6622,0.6712,5384
1782362910,111611,16878,500000,1.6522,0.6646,5465
1782362925,112611,17035,500000,1.6532,0.6594,5466
1782362939,113611,17190,500000,1.6567,0.6583,5502
1782362954,114611,17341,500000,1.6563,0.6660,5397
1782362968,115611,17495,500000,1.6552,0.6632,5461
1782362982,116611,17647,500000,1.6619,0.6666,5476
1782362996,117611,17797,500000,1.6585,0.6670,5530
1782363010,118611,17949,500000,1.6600,0.6629,5546
1782363028,119611,18097,500000,1.6463,0.6690,4368
1782363042,120611,18250,500000,1.6410,0.6707,5393
1782363056,121611,18398,500000,1.6523,0.6720,5321
1782363071,122611,18551,500000,1.6502,0.6778,5444
1782363085,123611,18703,500000,1.6503,0.6721,5324
1782363100,124611,18853,500000,1.6534,0.6767,5384
1782363114,125611,19001,500000,1.6559,0.6747,5322
1782363128,126611,19150,500000,1.6562,0.6766,5336
1782363142,127611,19300,500000,1.6505,0.6828,5406
1782363157,128611,19448,500000,1.6474,0.6820,5382
1782363170,129611,19595,500000,1.6390,0.6860,5408
1782363184,130611,19741,500000,1.6514,0.6888,5343
1782363199,131611,19891,500000,1.6507,0.6975,5429
1782363213,132611,20042,500000,1.6565,0.6864,5278
1782363227,133611,20191,500000,1.6444,0.6882,5460
1782363241,134611,20340,500000,1.6406,0.6935,5429
1782363256,135611,20491,500000,1.6275,0.6855,5377
1782363273,136611,20641,500000,1.6424,0.6882,4304
1782363287,137611,20792,500000,1.6320,0.6791,5516
1782363302,138611,20944,500000,1.6258,0.6802,5483
1782363316,139611,21094,500000,1.6384,0.6820,5483
1782363330,140611,21246,500000,1.6360,0.6826,5545
1782363344,141611,21399,500000,1.6326,0.6752,5494
1782363358,142611,21550,500000,1.6306,0.6767,5445
1782363372,143611,21699,500000,1.6269,0.6781,5458
1782363386,144611,21850,500000,1.6295,0.6789,5487
1782363400,145611,22000,500000,1.6404,0.6818,5484
1782363414,146611,22147,500000,1.6362,0.6811,5453
1782363428,147611,22298,500000,1.6401,0.6798,5490
1782363443,148611,22450,500000,1.6274,0.6814,5430
1782363457,149611,22602,500000,1.6334,0.6917,5495
1782363471,150611,22753,500000,1.6329,0.6849,5448
1782363485,151611,22904,500000,1.6436,0.6828,5456
1782363499,152611,23057,500000,1.6344,0.6837,5484
1782363514,153611,23211,500000,1.6254,0.6835,5478
1782363528,154611,23362,500000,1.6324,0.6810,5487
1782363542,155611,23507,500000,1.6293,0.6874,5385
1782363559,156611,23655,500000,1.6311,0.6896,4437
1782363573,157611,23807,500000,1.6294,0.6847,5531
1782363586,158611,23955,500000,1.6304,0.6773,5547
1782363600,159611,24106,500000,1.6240,0.6801,5578
1782363614,160611,24254,500000,1.6257,0.6813,5604
1782363628,161611,24409,500000,1.6339,0.6691,5563
1782363642,162611,24562,500000,1.6252,0.6730,5551
1782363656,163611,24713,500000,1.6242,0.6749,5621
1782363670,164611,24864,500000,1.6241,0.6798,5477
1782363684,165611,25013,500000,1.6236,0.6740,5609
1782363698,166611,25164,500000,1.6250,0.6836,5536
1782363711,167611,25315,500000,1.6275,0.6837,5627
1782363725,168611,25466,500000,1.6354,0.6792,5592
1782363739,169611,25617,500000,1.6238,0.6802,5542
1782363752,170611,25764,500000,1.6280,0.6810,5636
1782363766,171611,25915,500000,1.6295,0.6812,5541
1782363780,172611,26063,500000,1.6251,0.6810,5598
1782363794,173611,26213,500000,1.6154,0.6829,5569
1782363807,174611,26361,500000,1.6118,0.6785,5569
1782363821,175611,26507,500000,1.6114,0.6778,5471
1782363835,176611,26657,500000,1.6110,0.6800,5551
1782363849,177611,26808,500000,1.6207,0.6764,5569
1782363863,178611,26958,500000,1.6117,0.6821,5470
1782363876,179611,27108,500000,1.6119,0.6857,5581
1782363890,180611,27255,500000,1.6204,0.6824,5470
1782363908,181611,27409,500000,1.6182,0.6826,4509
1782363922,182611,27559,500000,1.6140,0.6818,5462
1782363936,183611,27709,500000,1.6140,0.6872,5497
1782363950,184611,27860,500000,1.6182,0.6824,5519
1782363964,185611,28011,500000,1.6199,0.6837,5445
1782363978,186611,28163,500000,1.6097,0.6786,5531
1782363992,187611,28314,500000,1.6115,0.6821,5452
1782364006,188611,28468,500000,1.6057,0.6826,5464
1782364020,189611,28615,500000,1.6148,0.6813,5401
1782364034,190611,28765,500000,1.6169,0.6840,5515
1782364049,191611,28918,500000,1.6086,0.6807,5466
1782364063,192611,29072,500000,1.6094,0.6888,5483
1782364077,193611,29222,500000,1.6121,0.6847,5514
1782364091,194611,29372,500000,1.6148,0.6818,5486
1782364105,195611,29524,500000,1.6138,0.6801,5525
1782364120,196611,29673,500000,1.6124,0.6851,5258
1782364134,197611,29827,500000,1.6163,0.6833,5481
1782364148,198611,29975,500000,1.6040,0.6830,5367
1782364165,199611,30126,500000,1.5989,0.6754,4466
1782364180,200611,30276,500000,1.6009,0.6763,5383
1782364194,201611,30430,500000,1.6022,0.6778,5472
1782364208,202611,30581,500000,1.6011,0.6755,5538
1782364222,203611,30731,500000,1.6032,0.6815,5482
1782364236,204611,30882,500000,1.6035,0.6843,5448
1782364250,205611,31033,500000,1.5942,0.6813,5360
1782364265,206611,31185,500000,1.5957,0.6766,5458
1782364279,207611,31332,500000,1.5979,0.6775,5419
1782364293,208611,31482,500000,1.6087,0.6741,5453
1782364307,209611,31636,500000,1.6056,0.6723,5442
1782364321,210611,31783,500000,1.6093,0.6721,5393
1782364335,211611,31933,500000,1.6080,0.6780,5484
1782364349,212611,32083,500000,1.5989,0.6781,5397
1782364363,213611,32233,500000,1.5969,0.6861,5512
1782364378,214611,32386,500000,1.5938,0.6838,5426
1782364392,215611,32535,500000,1.5946,0.6860,5480
1782364410,216611,32686,500000,1.5976,0.6844,4162
1782364424,217611,32837,500000,1.5994,0.6839,5638
1782364438,218611,32989,500000,1.6055,0.6842,5519
1782364452,219611,33137,500000,1.5983,0.6845,5459
1782364466,220611,33288,500000,1.5891,0.6893,5479
1782364480,221611,33440,500000,1.5950,0.6859,5456
1782364494,222611,33590,500000,1.5899,0.6892,5557
1782364508,223611,33739,500000,1.5887,0.6888,5427
1782364522,224611,33889,500000,1.5838,0.6836,5459
1782364536,225611,34041,500000,1.5939,0.6910,5462
1782364551,226611,34194,500000,1.5921,0.6936,5505
1782364565,227611,34348,500000,1.5913,0.6903,5532
1782364579,228611,34499,500000,1.5873,0.6935,5416
1782364593,229611,34649,500000,1.5860,0.6934,5474
1782364607,230611,34799,500000,1.5985,0.6897,5462
1782364621,231611,34950,500000,1.6035,0.6889,5532
1782364636,232611,35102,500000,1.6071,0.6900,5405
1782364650,233611,35254,500000,1.5996,0.6874,5430
1782364664,234611,35407,500000,1.5956,0.6758,5500
1782364678,235611,35558,500000,1.5901,0.6790,5496
1782364696,236611,35710,500000,1.5909,0.6718,4404
1782364710,237611,35862,500000,1.5978,0.6729,5507
1782364724,238611,36013,500000,1.5921,0.6731,5362
1782364739,239611,36165,500000,1.5909,0.6720,5383
1782364753,240611,36313,500000,1.5884,0.6722,5364
1782364767,241611,36464,500000,1.5952,0.6761,5360
1782364782,242611,36614,500000,1.5918,0.6712,5448
1782364796,243611,36768,500000,1.5846,0.6754,5378
1782364810,244611,36917,500000,1.5844,0.6794,5399
1782364825,245611,37072,500000,1.5910,0.6810,5494
1782364839,246611,37225,500000,1.5874,0.6753,5527
1782364853,247611,37378,500000,1.5864,0.6741,5516
1782364868,248611,37535,500000,1.5729,0.6701,5567
1782364882,249611,37687,500000,1.5721,0.6716,5540
1782364896,250611,37842,500000,1.5796,0.6689,5592
1782364910,251611,37996,500000,1.5789,0.6673,5532
1782364924,252611,38151,500000,1.5767,0.6751,5518
1782364938,253611,38301,500000,1.5808,0.6790,5589
1782364955,254611,38452,500000,1.5853,0.6769,4460
1782364970,255611,38599,500000,1.5790,0.6759,5316
1782364984,256611,38750,500000,1.5753,0.6850,5253
1782364999,257611,38901,500000,1.5723,0.6835,5299
1782365013,258611,39054,500000,1.5716,0.6758,5333
1782365028,259611,39207,500000,1.5761,0.6761,5391
1782365043,260611,39361,500000,1.5746,0.6789,5319
1782365057,261611,39510,500000,1.5720,0.6762,5288
1782365072,262611,39663,500000,1.5716,0.6771,5320
1782365086,263611,39812,500000,1.5751,0.6698,5369
1782365101,264611,39967,500000,1.5626,0.6707,5333
1782365116,265611,40116,500000,1.5642,0.6798,5254
1782365130,266611,40268,500000,1.5722,0.6775,5354
1782365145,267611,40420,500000,1.5710,0.6709,5346
1782365159,268611,40573,500000,1.5629,0.6677,5340
1782365176,269611,40721,500000,1.5650,0.6740,4439
1782365190,270611,40868,500000,1.5701,0.6674,5576
1782365204,271611,41018,500000,1.5827,0.6730,5631
1782365217,272611,41169,500000,1.5780,0.6719,5575
1782365231,273611,41320,500000,1.5913,0.6847,5583
1782365245,274611,41473,500000,1.5731,0.6834,5541
1782365259,275611,41623,500000,1.5803,0.6837,5648
1782365273,276611,41771,500000,1.5742,0.6833,5551
1782365287,277611,41922,500000,1.5740,0.6804,5571
1782365300,278611,42071,500000,1.5831,0.6844,5595
1782365314,279611,42221,500000,1.5753,0.6843,5525
1782365328,280611,42371,500000,1.5760,0.6768,5624
1782365342,281611,42519,500000,1.5757,0.6759,5473
1782365355,282611,42669,500000,1.5674,0.6730,5602
1782365369,283611,42819,500000,1.5759,0.6751,5473
1782365383,284611,42969,500000,1.5696,0.6781,5579
1782365397,285611,43113,500000,1.5626,0.6751,5523
1782365410,286611,43263,500000,1.5695,0.6802,5555
1782365424,287611,43414,500000,1.5796,0.6769,5514
1782365438,288611,43566,500000,1.5742,0.6801,5588
1782365452,289611,43712,500000,1.5724,0.6782,5530
1782365466,290611,43862,500000,1.5763,0.6787,5574
1782365482,291611,44011,500000,1.5736,0.6733,4621
1782365496,292611,44163,500000,1.5760,0.6708,5479
1782365510,293611,44315,500000,1.5679,0.6791,5584
1782365524,294611,44464,500000,1.5711,0.6768,5553
1782365538,295611,44616,500000,1.5724,0.6753,5470
1782365553,296611,44771,500000,1.5614,0.6751,5479
1782365567,297611,44925,500000,1.5646,0.6802,5487
1782365581,298611,45072,500000,1.5693,0.6804,5490
1782365595,299611,45221,500000,1.5618,0.6760,5497
1782365609,300611,45371,500000,1.5617,0.6772,5448
1782365623,301611,45521,500000,1.5697,0.6744,5538
1782365637,302611,45671,500000,1.5643,0.6799,5485
1782365651,303611,45823,500000,1.5579,0.6775,5502
1782365665,304611,45971,500000,1.5669,0.6815,5547
1782365679,305611,46124,500000,1.5679,0.6713,5401
1782365693,306611,46274,500000,1.5598,0.6759,5483
1782365707,307611,46428,500000,1.5643,0.6780,5600
1782365721,308611,46580,500000,1.5526,0.6742,5459
1782365735,309611,46731,500000,1.5440,0.6721,5541
1782365749,310611,46880,500000,1.5457,0.6708,5467
1782365763,311611,47031,500000,1.5502,0.6692,5587
1782365782,312611,47182,500000,1.5572,0.6788,4159
1782365796,313611,47330,500000,1.5614,0.6791,5169
1782365811,314611,47481,500000,1.5671,0.6824,5372
1782365825,315611,47632,500000,1.5744,0.6852,5399
1782365839,316611,47784,500000,1.5735,0.6844,5407
1782365854,317611,47934,500000,1.5746,0.6889,5435
1782365868,318611,48085,500000,1.5740,0.6876,5448
1782365882,319611,48232,500000,1.5778,0.6944,5383
1782365896,320611,48384,500000,1.5681,0.6968,5467
1782365910,321611,48533,500000,1.5761,0.6912,5383
1782365924,322611,48683,500000,1.5841,0.6872,5372
1782365939,323611,48834,500000,1.5724,0.6884,5342
1782365953,324611,48984,500000,1.5830,0.6875,5356
1782365967,325611,49131,500000,1.5795,0.6891,5365
1782365982,326611,49285,500000,1.5712,0.6919,5471
1782365996,327611,49436,500000,1.5712,0.6878,5393
1782366010,328611,49585,500000,1.5698,0.6869,5385
1782366025,329611,49736,500000,1.5732,0.6851,5354
1782366039,330611,49891,500000,1.5804,0.6797,5476
1782366053,331611,50042,500000,1.5631,0.6797,5410
1782366068,332611,50191,500000,1.5656,0.6802,5385
1782366082,333611,50342,500000,1.5695,0.6849,5444
1782366096,334611,50494,500000,1.5790,0.6878,5462
1782366110,335611,50645,500000,1.5761,0.6864,5391
1782366124,336611,50793,500000,1.5681,0.6876,5422
1782366138,337611,50940,500000,1.5674,0.6889,5396
1782366152,338611,51090,500000,1.5839,0.6910,5427
1782366168,339611,51245,500000,1.5703,0.6879,5053
1782366183,340611,51397,500000,1.5669,0.6912,5388
1782366197,341611,51549,500000,1.5710,0.6844,5361
1782366212,342611,51702,500000,1.5792,0.6847,5441
1782366226,343611,51852,500000,1.5698,0.6899,5343
1782366240,344611,52003,500000,1.5681,0.6844,5397
1782366255,345611,52154,500000,1.5633,0.6797,5347
1782366269,346611,52304,500000,1.5726,0.6824,5387
1782366283,347611,52455,500000,1.5766,0.6811,5444
1782366297,348611,52604,500000,1.5710,0.6820,5337
1782366312,349611,52754,500000,1.5620,0.6818,5406
1782366326,350611,52904,500000,1.5686,0.6763,5411
1782366340,351611,53055,500000,1.5634,0.6838,5460
1782366354,352611,53204,500000,1.5678,0.6781,5387
1782366369,353611,53359,500000,1.5674,0.6819,5464
1782366383,354611,53507,500000,1.5632,0.6823,5409
1782366397,355611,53658,500000,1.5733,0.6747,5443
1782366411,356611,53810,500000,1.5639,0.6817,5407
1782366426,357611,53961,500000,1.5631,0.6796,5346
1782366440,358611,54112,500000,1.5565,0.6806,5464
1782366454,359611,54263,500000,1.5624,0.6814,5426
1782366468,360611,54412,500000,1.5624,0.6788,5439
1782366483,361611,54566,500000,1.5668,0.6848,5378
1782366497,362611,54715,500000,1.5561,0.6862,5426
1782366511,363611,54869,500000,1.5625,0.6830,5441
1782366526,364611,55021,500000,1.5569,0.6762,5404
1782366540,365611,55171,500000,1.5604,0.6782,5460
1782366556,366611,55326,500000,1.5661,0.6847,4834
1782366571,367611,55477,500000,1.5621,0.6808,5463
1782366585,368611,55627,500000,1.5659,0.6812,5379
1782366599,369611,55778,500000,1.5683,0.6803,5449
1782366613,370611,55931,500000,1.5712,0.6806,5456
1782366628,371611,56083,500000,1.5637,0.6840,5393
1782366642,372611,56235,500000,1.5548,0.6834,5435
1782366656,373611,56386,500000,1.5567,0.6792,5373
1782366671,374611,56533,500000,1.5503,0.6849,5316
1782366685,375611,56686,500000,1.5504,0.6846,5350
1782366700,376611,56836,500000,1.5623,0.6884,5355
1782366714,377611,56988,500000,1.5589,0.6896,5372
1782366728,378611,57139,500000,1.5599,0.6845,5418
1782366743,379611,57289,500000,1.5515,0.6866,5367
1782366757,380611,57438,500000,1.5552,0.6848,5362
1782366771,381611,57591,500000,1.5621,0.6796,5428
1782366786,382611,57740,500000,1.5628,0.6793,5314
1782366800,383611,57888,500000,1.5666,0.6815,5457
1782366814,384611,58042,500000,1.5670,0.6876,5474
1782366829,385611,58194,500000,1.5598,0.6761,5348
1782366843,386611,58342,500000,1.5563,0.6824,5381
1782366856,387611,58489,500000,1.5533,0.6795,5434
1782366871,388611,58640,500000,1.5537,0.6803,5414
1782366885,389611,58789,500000,1.5516,0.6779,5336
1782366899,390611,58938,500000,1.5472,0.6834,5357
1782366913,391611,59085,500000,1.5523,0.6850,5346
1782366928,392611,59235,500000,1.5557,0.6885,5208
1782366943,393611,59389,500000,1.5510,0.6847,5368
1782366958,394611,59544,500000,1.5486,0.6861,5367
1782366972,395611,59695,500000,1.5569,0.6807,5361
1782366986,396611,59844,500000,1.5450,0.6852,5339
1782367000,397611,59992,500000,1.5562,0.6838,5346
1782367015,398611,60142,500000,1.5660,0.6812,5307
1782367029,399611,60293,500000,1.5585,0.6841,5423
1782367044,400611,60445,500000,1.5522,0.6890,5403
1782367058,401611,60595,500000,1.5541,0.6892,5416
1782367072,402611,60744,500000,1.5529,0.6835,5367
1782367086,403611,60895,500000,1.5555,0.6850,5456
1782367100,404611,61041,500000,1.5412,0.6893,5356
1782367114,405611,61190,500000,1.5580,0.6879,5436
1782367132,406611,61342,500000,1.5555,0.6858,4451
1782367146,407611,61493,500000,1.5544,0.6853,5578
1782367160,408611,61642,500000,1.5533,0.6835,5508
1782367174,409611,61795,500000,1.5542,0.6833,5521
1782367188,410611,61950,500000,1.5526,0.6906,5644
1782367202,411611,62101,500000,1.5414,0.6843,5440
1782367216,412611,62251,500000,1.5467,0.6948,5541
1782367230,413611,62406,500000,1.5430,0.6942,5565
1782367244,414611,62559,500000,1.5489,0.6955,5544
1782367259,415611,62712,500000,1.5540,0.6890,5491
1782367273,416611,62864,500000,1.5563,0.6902,5569
1782367287,417611,63016,500000,1.5500,0.6983,5488
1782367300,418611,63166,500000,1.5576,0.6935,5600
1782367314,419611,63319,500000,1.5508,0.6896,5566
1782367328,420611,63471,500000,1.5462,0.6969,5557
1782367342,421611,63619,500000,1.5485,0.6935,5543
1782367356,422611,63767,500000,1.5377,0.6918,5530
1782367370,423611,63923,500000,1.5491,0.6824,5577
1782367384,424611,64077,500000,1.5474,0.6841,5526
1782367398,425611,64224,500000,1.5450,0.6822,5461
1782367412,426611,64375,500000,1.5359,0.6857,5629
1782367431,427611,64526,500000,1.5437,0.6817,4063
1782367445,428611,64672,500000,1.5469,0.6825,5427
1782367459,429611,64819,500000,1.5556,0.6882,5357
1782367473,430611,64968,500000,1.5402,0.6942,5428
1782367487,431611,65117,500000,1.5569,0.6952,5459
1782367501,432611,65267,500000,1.5528,0.6880,5490
1782367515,433611,65416,500000,1.5566,0.6977,5450
1782367529,434611,65567,500000,1.5600,0.6893,5443
1782367543,435611,65713,500000,1.5557,0.6922,5476
1782367557,436611,65863,500000,1.5527,0.6964,5422
1782367571,437611,66009,500000,1.5488,0.6909,5369
1782367585,438611,66156,500000,1.5420,0.6915,5376
1782367599,439611,66305,500000,1.5493,0.6987,5470
1782367613,440611,66453,500000,1.5436,0.6964,5453
1782367627,441611,66604,500000,1.5491,0.6905,5384
1782367641,442611,66752,500000,1.5454,0.6895,5478
1782367659,443611,66902,500000,1.5451,0.6970,4394
1782367673,444611,67052,500000,1.5504,0.6976,5378
1782367687,445611,67201,500000,1.5506,0.7033,5407
1782367701,446611,67348,500000,1.5464,0.7027,5438
1782367715,447611,67500,500000,1.5490,0.6938,5370
1782367730,448611,67649,500000,1.5416,0.6961,5384
1782367744,449611,67796,500000,1.5504,0.6991,5340
1782367758,450611,67946,500000,1.5435,0.6984,5357
1782367772,451611,68096,500000,1.5472,0.6984,5430
1782367786,452611,68248,500000,1.5433,0.6929,5455
1782367801,453611,68398,500000,1.5418,0.6900,5444
1782367815,454611,68548,500000,1.5406,0.6985,5395
1782367829,455611,68696,500000,1.5460,0.6985,5368
1782367843,456611,68847,500000,1.5438,0.7001,5417
1782367857,457611,68997,500000,1.5343,0.7018,5361
1782367871,458611,69148,500000,1.5374,0.6972,5505
1782367889,459611,69301,500000,1.5368,0.6942,4508
1782367902,460611,69450,500000,1.5385,0.6922,5648
1782367916,461611,69598,500000,1.5413,0.6947,5666
1782367929,462611,69747,500000,1.5414,0.6948,5664
1782367943,463611,69895,500000,1.5441,0.6863,5595
1782367956,464611,70041,500000,1.5633,0.6899,5650
1782367970,465611,70191,500000,1.5463,0.6939,5639
1782367983,466611,70341,500000,1.5541,0.6956,5568
1782367997,467611,70493,500000,1.5487,0.6911,5589
1782368011,468611,70640,500000,1.5478,0.6919,5505
1782368025,469611,70791,500000,1.5425,0.6875,5642
1782368038,470611,70940,500000,1.5475,0.6887,5573
1782368052,471611,71089,500000,1.5409,0.6873,5630
1782368066,472611,71238,500000,1.5417,0.6930,5603
1782368079,473611,71389,500000,1.5382,0.6888,5615
1782368093,474611,71537,500000,1.5368,0.6884,5546
1782368107,475611,71685,500000,1.5417,0.6940,5565
1782368120,476611,71830,500000,1.5322,0.6967,5531
1782368134,477611,71977,500000,1.5405,0.6868,5562
1782368148,478611,72130,500000,1.5470,0.6910,5582
1782368162,479611,72281,500000,1.5349,0.6905,5529
1782368175,480611,72434,500000,1.5509,0.6844,5661
1782368189,481611,72582,500000,1.5464,0.6812,5518
1782368203,482611,72730,500000,1.5383,0.6895,5555
1782368217,483611,72882,500000,1.5496,0.6904,5576
1782368235,484611,73036,500000,1.5411,0.6918,4307
1782368249,485611,73187,500000,1.5404,0.6845,5486
1782368263,486611,73335,500000,1.5396,0.6876,5467
1782368277,487611,73487,500000,1.5328,0.6950,5495
1782368292,488611,73640,500000,1.5429,0.6866,5403
1782368306,489611,73793,500000,1.5381,0.6826,5502
1782368321,490611,73946,500000,1.5317,0.6888,5387
1782368335,491611,74093,500000,1.5368,0.6896,5431
1782368349,492611,74247,500000,1.5360,0.6946,5480
1782368363,493611,74401,500000,1.5350,0.6878,5413
1782368378,494611,74558,500000,1.5350,0.6839,5478
1782368393,495611,74714,500000,1.5457,0.6854,5401
1782368407,496611,74863,500000,1.5334,0.6829,5422
1782368421,497611,75013,500000,1.5350,0.6794,5472
1782368435,498611,75165,500000,1.5376,0.6802,5414
1782368450,499611,75317,500000,1.5349,0.6845,5401
1782368468,500611,75469,500000,1.5391,0.6837,4155
1782368483,501611,75618,500000,1.5331,0.6809,5092
1782368497,502611,75766,500000,1.5308,0.6905,5447
1782368511,503611,75913,500000,1.5367,0.6878,5413
1782368525,504611,76061,500000,1.5367,0.6933,5393
1782368539,505611,76211,500000,1.5309,0.6900,5451
1782368554,506611,76364,500000,1.5419,0.6929,5446
1782368568,507611,76515,500000,1.5379,0.6977,5444
1782368582,508611,76667,500000,1.5298,0.6931,5462
1782368596,509611,76816,500000,1.5292,0.6934,5349
1782368611,510611,76964,500000,1.5312,0.6882,5332
1782368625,511611,77115,500000,1.5343,0.6962,5345
1782368639,512611,77265,500000,1.5285,0.6977,5431
1782368653,513611,77415,500000,1.5349,0.6924,5369
1782368668,514611,77565,500000,1.5365,0.6961,5344
1782368682,515611,77714,500000,1.5386,0.6896,5370
1782368697,516611,77869,500000,1.5327,0.6950,5406
1782368711,517611,78019,500000,1.5407,0.6928,5362
1782368725,518611,78168,500000,1.5336,0.6896,5413
1782368739,519611,78319,500000,1.5277,0.6897,5394
1782368754,520611,78469,500000,1.5282,0.6907,5404
1782368768,521611,78619,500000,1.5425,0.6937,5475
1782368782,522611,78766,500000,1.5317,0.6884,5393
1782368796,523611,78917,500000,1.5486,0.6944,5441
1782368810,524611,79069,500000,1.5427,0.6930,5343
1782368824,525611,79216,500000,1.5375,0.6957,5363
1782368840,526611,79364,500000,1.5356,0.7020,5011
1782368854,527611,79511,500000,1.5359,0.6983,5286
1782368868,528611,79664,500000,1.5373,0.6948,5390
1782368882,529611,79810,500000,1.5293,0.6884,5342
1782368897,530611,79960,500000,1.5354,0.6936,5342
1782368911,531611,80109,500000,1.5314,0.6868,5319
1782368925,532611,80259,500000,1.5335,0.6927,5323
1782368939,533611,80404,500000,1.5395,0.6926,5317
1782368954,534611,80555,500000,1.5380,0.6912,5363
1782368968,535611,80705,500000,1.5425,0.6963,5369
1782368982,536611,80855,500000,1.5295,0.6927,5338
1782368997,537611,81003,500000,1.5321,0.6944,5347
1782369011,538611,81155,500000,1.5363,0.6925,5337
1782369025,539611,81305,500000,1.5373,0.6922,5424
1782369040,540611,81454,500000,1.5345,0.6976,5390
1782369054,541611,81605,500000,1.5386,0.7005,5375
1782369068,542611,81757,500000,1.5388,0.7022,5367
1782369083,543611,81910,500000,1.5396,0.7009,5415
1782369098,544611,82068,500000,1.5308,0.6989,5389
1782369112,545611,82217,500000,1.5402,0.7019,5322
1782369127,546611,82369,500000,1.5320,0.6967,5403
1782369141,547611,82519,500000,1.5235,0.6889,5361
1782369155,548611,82669,500000,1.5385,0.6914,5357
1782369170,549611,82820,500000,1.5188,0.6876,5379
1782369184,550611,82969,500000,1.5243,0.6876,5187
1782369199,551611,83119,500000,1.5288,0.6877,5227
1782369213,552611,83270,500000,1.5319,0.6877,5412
1782369227,553611,83419,500000,1.5276,0.6850,5435
1782369241,554611,83565,500000,1.5341,0.6873,5337
1782369255,555611,83713,500000,1.5250,0.6959,5364
1782369270,556611,83860,500000,1.5355,0.6920,5343
1782369284,557611,84014,500000,1.5327,0.6935,5376
1782369298,558611,84160,500000,1.5360,0.6937,5343
1782369312,559611,84309,500000,1.5387,0.7005,5385
1782369327,560611,84458,500000,1.5305,0.6960,5310
1782369341,561611,84609,500000,1.5249,0.6943,5432
1782369355,562611,84760,500000,1.5258,0.6966,5382
1782369370,563611,84914,500000,1.5311,0.7010,5396
1782369384,564611,85062,500000,1.5277,0.6967,5333
1782369399,565611,85212,500000,1.5315,0.6911,5336
1782369413,566611,85362,500000,1.5366,0.6902,5387
1782369427,567611,85513,500000,1.5292,0.6908,5375
1782369442,568611,85669,500000,1.5362,0.7001,5409
1782369456,569611,85819,500000,1.5296,0.6943,5402
1782369470,570611,85967,500000,1.5252,0.6879,5462
1782369484,571611,86116,500000,1.5207,0.6916,5370
1782369498,572611,86264,500000,1.5288,0.6879,5416
1782369512,573611,86413,500000,1.5278,0.6888,5436
1782369526,574611,86559,500000,1.5338,0.6933,5343
1782369541,575611,86708,500000,1.5293,0.6918,5201
1782369555,576611,86852,500000,1.5276,0.6876,5281
1782369569,577611,87005,500000,1.5361,0.6877,5401
1782369584,578611,87157,500000,1.5223,0.6920,5435
1782369598,579611,87306,500000,1.5204,0.6965,5425
1782369612,580611,87459,500000,1.5242,0.6924,5436
1782369626,581611,87607,500000,1.5268,0.6893,5277
1782369641,582611,87760,500000,1.5237,0.6980,5451
1782369655,583611,87910,500000,1.5296,0.6964,5395
1782369669,584611,88058,500000,1.5194,0.6975,5316
1782369684,585611,88209,500000,1.5287,0.6937,5364
1782369698,586611,88359,500000,1.5200,0.6936,5374
1782369712,587611,88506,500000,1.5268,0.6952,5385
1782369729,588611,88654,500000,1.5169,0.7001,4515
1782369743,589611,88807,500000,1.5299,0.6959,5529
1782369757,590611,88954,500000,1.5237,0.6972,5490
1782369771,591611,89106,500000,1.5336,0.7034,5486
1782369785,592611,89257,500000,1.5253,0.6986,5443
1782369799,593611,89408,500000,1.5235,0.6915,5551
1782369813,594611,89555,500000,1.5194,0.6968,5473
1782369827,595611,89705,500000,1.5302,0.6958,5506
1782369841,596611,89856,500000,1.5319,0.7034,5475
1782369855,597611,90008,500000,1.5295,0.6999,5543
1782369869,598611,90161,500000,1.5265,0.6965,5522
1782369883,599611,90313,500000,1.5314,0.6992,5510
1782369897,600611,90463,500000,1.5227,0.7071,5513
1782369911,601611,90611,500000,1.5273,0.6960,5468
1782369925,602611,90758,500000,1.5235,0.6905,5471
1782369939,603611,90908,500000,1.5255,0.6941,5423
1782369953,604611,91056,500000,1.5338,0.6917,5497
1782369967,605611,91209,500000,1.5178,0.6934,5570
1782369981,606611,91357,500000,1.5273,0.6876,5436
1782369999,607611,91509,500000,1.5295,0.6861,4327
1782370012,608611,91658,500000,1.5104,0.6945,5563
1782370026,609611,91804,500000,1.5252,0.7011,5592
1782370040,610611,91956,500000,1.5217,0.7038,5562
1782370054,611611,92108,500000,1.5154,0.6988,5570
1782370067,612611,92257,500000,1.5266,0.7020,5598
1782370081,613611,92404,500000,1.5135,0.6980,5594
1782370095,614611,92558,500000,1.5225,0.7035,5548
1782370109,615611,92708,500000,1.5299,0.7016,5578
1782370123,616611,92861,500000,1.5256,0.6976,5624
1782370136,617611,93010,500000,1.5231,0.6960,5533
1782370150,618611,93159,500000,1.5154,0.6938,5544
1782370164,619611,93311,500000,1.5249,0.6946,5497
1782370178,620611,93463,500000,1.5196,0.6930,5597
1782370192,621611,93613,500000,1.5178,0.6954,5511
1782370206,622611,93763,500000,1.5170,0.7045,5562
1782370220,623611,93916,500000,1.5219,0.6984,5580
1782370234,624611,94066,500000,1.5149,0.6977,5532
1782370248,625611,94217,500000,1.5103,0.6924,5567
1782370262,626611,94371,500000,1.5073,0.6946,5517
1782370276,627611,94522,500000,1.5212,0.6909,5541
1782370290,628611,94673,500000,1.5131,0.6923,5544
1782370307,629611,94825,500000,1.5186,0.6910,4533
1782370321,630611,94975,500000,1.5185,0.6968,5433
1782370335,631611,95124,500000,1.5238,0.6944,5469
1782370350,632611,95279,500000,1.5234,0.6958,5476
1782370364,633611,95428,500000,1.5211,0.6923,5484
1782370378,634611,95578,500000,1.5430,0.6973,5412
1782370392,635611,95730,500000,1.5339,0.7009,5429
1782370406,636611,95877,500000,1.5356,0.6984,5421
1782370420,637611,96026,500000,1.5398,0.6970,5423
1782370434,638611,96175,500000,1.5341,0.6933,5455
1782370449,639611,96329,500000,1.5331,0.6928,5453
1782370463,640611,96484,500000,1.5320,0.6936,5430
1782370478,641611,96638,500000,1.5381,0.6923,5487
1782370492,642611,96789,500000,1.5408,0.6935,5415
1782370506,643611,96939,500000,1.5439,0.6879,5416
1782370520,644611,97091,500000,1.5457,0.6872,5445
1782370535,645611,97243,500000,1.5381,0.6955,5426
1782370553,646611,97394,500000,1.5449,0.7007,4314
1782370566,647611,97539,500000,1.5379,0.7016,5347
1782370581,648611,97686,500000,1.5328,0.7090,5318
1782370595,649611,97835,500000,1.5443,0.7093,5408
1782370609,650611,97984,500000,1.5459,0.7109,5399
1782370623,651611,98137,500000,1.5414,0.7079,5399
1782370637,652611,98285,500000,1.5385,0.7047,5451
1782370651,653611,98433,500000,1.5396,0.7043,5498
1782370665,654611,98584,500000,1.5421,0.7054,5470
1782370679,655611,98734,500000,1.5313,0.7007,5409
1782370693,656611,98884,500000,1.5273,0.7054,5426
1782370708,657611,99035,500000,1.5149,0.7036,5453
1782370722,658611,99185,500000,1.5257,0.6992,5331
1782370736,659611,99333,500000,1.5318,0.7008,5367
1782370751,660611,99486,500000,1.5290,0.6975,5385
1782370764,661611,99627,500000,1.5173,0.7043,5358
1782370778,662611,99776,500000,1.5242,0.7007,5372
1782370793,663611,99925,500000,1.5166,0.7010,5383
1782370807,664611,100077,500000,1.5248,0.6973,5388
1782370821,665611,100229,500000,1.5238,0.6965,5424
1782370836,666611,100380,500000,1.5220,0.6986,5405
1782370850,667611,100530,500000,1.5337,0.6955,5355
1782370864,668611,100677,500000,1.5264,0.6852,5363
1782370878,669611,100826,500000,1.5289,0.6902,5412
1782370892,670611,100974,500000,1.5259,0.6909,5430
1782370906,671611,101121,500000,1.5219,0.6875,5468
1782370921,672611,101268,500000,1.5244,0.6934,5023
1782370935,673611,101416,500000,1.5296,0.6900,5375
1782370949,674611,101561,500000,1.5217,0.6964,5366
1782370963,675611,101713,500000,1.5199,0.6951,5474
1782370977,676611,101863,500000,1.5275,0.6927,5425
1782370991,677611,102011,500000,1.5259,0.6959,5413
1782371005,678611,102160,500000,1.5192,0.6994,5375
1782371019,679611,102307,500000,1.5241,0.6919,5419
1782371034,680611,102461,500000,1.5198,0.6999,5412
1782371048,681611,102612,500000,1.5239,0.6930,5436
1782371062,682611,102761,500000,1.5248,0.6976,5361
1782371076,683611,102906,500000,1.5203,0.6903,5294
1782371091,684611,103055,500000,1.5162,0.6922,5358
1782371105,685611,103200,500000,1.5161,0.6967,5349
1782371119,686611,103351,500000,1.5181,0.6940,5442
1782371133,687611,103502,500000,1.5259,0.6958,5464
1782371147,688611,103652,500000,1.5166,0.7022,5374
1782371161,689611,103803,500000,1.5196,0.6982,5407
1782371176,690611,103953,500000,1.5162,0.6997,5433
1782371190,691611,104100,500000,1.5184,0.7023,5385
1782371204,692611,104248,500000,1.5291,0.6965,5347
1782371218,693611,104396,500000,1.5175,0.6982,5343
1782371232,694611,104544,500000,1.5225,0.7036,5314
1782371246,695611,104692,500000,1.5207,0.7005,5364
1782371260,696611,104840,500000,1.5206,0.7043,5385
1782371275,697611,104990,500000,1.5171,0.7000,5379
1782371290,698611,105138,500000,1.5211,0.7021,4860
1782371304,699611,105286,500000,1.5290,0.6942,5290
1782371319,700611,105435,500000,1.5263,0.7001,5393
1782371333,701611,105581,500000,1.5187,0.6913,5262
1782371347,702611,105730,500000,1.5162,0.6986,5300
1782371362,703611,105884,500000,1.5203,0.6968,5385
1782371376,704611,106032,500000,1.5340,0.6999,5302
1782371391,705611,106184,500000,1.5239,0.7034,5203
1782371405,706611,106334,500000,1.5220,0.7013,5419
1782371419,707611,106481,500000,1.5067,0.7004,5356
1782371433,708611,106629,500000,1.5172,0.7082,5310
1782371448,709611,106781,500000,1.5153,0.7108,5379
1782371462,710611,106931,500000,1.5101,0.7044,5321
1782371477,711611,107081,500000,1.5129,0.7067,5334
1782371492,712611,107234,500000,1.5192,0.6959,5293
1782371506,713611,107382,500000,1.5127,0.6925,5316
1782371520,714611,107533,500000,1.5241,0.6854,5388
1782371535,715611,107687,500000,1.5126,0.6970,5342
1782371549,716611,107836,500000,1.5198,0.6946,5322
1782371564,717611,107987,500000,1.5165,0.6937,5399
1782371578,718611,108137,500000,1.5191,0.6976,5374
1782371593,719611,108290,500000,1.5254,0.6926,5342
1782371607,720611,108438,500000,1.5171,0.6943,5303
1782371621,721611,108589,500000,1.5185,0.6914,5313
1782371636,722611,108740,500000,1.5286,0.6988,5437
1782371650,723611,108891,500000,1.5121,0.6978,5357
1782371665,724611,109043,500000,1.5080,0.6984,5343
1782371679,725611,109195,500000,1.5263,0.6923,5390
1782371693,726611,109343,500000,1.5151,0.6884,5322
1782371708,727611,109495,500000,1.5127,0.6837,5416
1782371722,728611,109647,500000,1.5128,0.6844,5392
1782371736,729611,109800,500000,1.5222,0.6797,5431
1782371751,730611,109949,500000,1.5066,0.6840,5322
1782371765,731611,110096,500000,1.5032,0.6875,5301
1782371779,732611,110244,500000,1.5086,0.6888,5367
1782371794,733611,110396,500000,1.5128,0.6876,5381
1782371809,734611,110546,500000,1.5142,0.6959,5123
1782371826,735611,110695,500000,1.5112,0.6944,4293
1782371842,736611,110846,500000,1.5062,0.6997,5041
1782371858,737611,110999,500000,1.5119,0.6984,4939
1782371874,738611,111153,500000,1.5220,0.7083,4854
1782371890,739611,111307,500000,1.5155,0.7040,4896
1782371906,740611,111459,500000,1.5191,0.7014,4880
1782371921,741611,111611,500000,1.5134,0.7046,5015
1782371937,742611,111763,500000,1.5069,0.7073,5079
1782371955,743611,111913,500000,1.4893,0.7059,4210
1782371969,744611,112057,500000,1.4966,0.6939,5447
1782371983,745611,112211,500000,1.5053,0.6997,5505
1782371997,746611,112361,500000,1.4890,0.6961,5499
1782372011,747611,112509,500000,1.5057,0.7027,5368
1782372025,748611,112660,500000,1.5034,0.6986,5480
1782372039,749611,112812,500000,1.4985,0.6997,5449
1782372054,750611,112963,500000,1.4967,0.6946,5448
1782372068,751611,113118,500000,1.5058,0.6988,5446
1782372082,752611,113265,500000,1.4987,0.7017,5332
1782372097,753611,113415,500000,1.5084,0.7007,5340
1782372111,754611,113568,500000,1.4989,0.6920,5348
1782372126,755611,113716,500000,1.5046,0.6942,5309
1782372140,756611,113865,500000,1.4968,0.7005,5281
1782372154,757611,114014,500000,1.4923,0.6981,5342
1782372172,758611,114167,500000,1.5015,0.6929,4567
1782372186,759611,114315,500000,1.4978,0.6983,5398
1782372200,760611,114467,500000,1.4888,0.7021,5464
1782372214,761611,114618,500000,1.4896,0.7005,5362
1782372228,762611,114771,500000,1.4947,0.7053,5515
1782372243,763611,114917,500000,1.4922,0.7038,5265
1782372257,764611,115065,500000,1.4988,0.6988,5433
1782372271,765611,115217,500000,1.4926,0.6949,5420
1782372285,766611,115367,500000,1.4992,0.6914,5431
1782372299,767611,115519,500000,1.4901,0.6945,5448
1782372313,768611,115669,500000,1.4947,0.7014,5448
1782372328,769611,115821,500000,1.4936,0.6991,5322
1782372342,770611,115969,500000,1.4915,0.6994,5433
1782372356,771611,116121,500000,1.5020,0.6998,5454
1782372370,772611,116270,500000,1.5020,0.7004,5434
1782372385,773611,116420,500000,1.4916,0.7029,5433
1782372402,774611,116567,500000,1.5027,0.6958,4296
1782372416,775611,116714,500000,1.5049,0.6957,5574
1782372430,776611,116867,500000,1.5156,0.6936,5610
1782372443,777611,117018,500000,1.5110,0.6938,5550
1782372457,778611,117170,500000,1.5076,0.6973,5637
1782372471,779611,117322,500000,1.5139,0.6950,5575
1782372485,780611,117476,500000,1.5121,0.7023,5584
1782372499,781611,117628,500000,1.5095,0.7026,5571
1782372513,782611,117779,500000,1.5085,0.7032,5548
1782372527,783611,117931,500000,1.4949,0.7065,5545
1782372541,784611,118081,500000,1.5109,0.7092,5546
1782372555,785611,118230,500000,1.5073,0.7054,5533
1782372569,786611,118380,500000,1.5104,0.7111,5563
1782372583,787611,118534,500000,1.5075,0.7089,5614
1782372596,788611,118683,500000,1.5046,0.7122,5570
1782372610,789611,118833,500000,1.5106,0.7104,5551
1782372624,790611,118982,500000,1.5253,0.7195,5581
1782372638,791611,119134,500000,1.5120,0.7175,5568
1782372652,792611,119288,500000,1.5104,0.7143,5555
1782372666,793611,119437,500000,1.5070,0.7174,5574
1782372680,794611,119588,500000,1.5208,0.7187,5571
1782372694,795611,119742,500000,1.5199,0.7156,5542
1782372708,796611,119895,500000,1.5170,0.7197,5600
1782372728,797611,120043,500000,1.5116,0.7198,3790
1782372742,798611,120194,500000,1.5086,0.7143,5468
1782372756,799611,120343,500000,1.5211,0.7180,5472
1782372770,800611,120492,500000,1.5163,0.7144,5416
1782372784,801611,120639,500000,1.5117,0.7129,5471
1782372798,802611,120789,500000,1.5228,0.7148,5423
1782372812,803611,120936,500000,1.5236,0.7066,5377
1782372826,804611,121087,500000,1.5035,0.6983,5454
1782372840,805611,121236,500000,1.5087,0.7007,5451
1782372855,806611,121386,500000,1.5133,0.6971,5374
1782372868,807611,121529,500000,1.5183,0.6904,5395
1782372883,808611,121683,500000,1.5073,0.6969,5439
1782372897,809611,121830,500000,1.5050,0.6954,5371
1782372911,810611,121981,500000,1.5144,0.6993,5436
1782372925,811611,122131,500000,1.5126,0.6948,5458
1782372945,812611,122283,500000,1.5098,0.6982,3888
1782372959,813611,122434,500000,1.5034,0.6984,5508
1782372973,814611,122584,500000,1.4974,0.6989,5480
1782372987,815611,122735,500000,1.4919,0.7031,5441
1782373002,816611,122886,500000,1.4915,0.6985,5368
1782373016,817611,123038,500000,1.4948,0.7005,5515
1782373030,818611,123189,500000,1.4960,0.7006,5467
1782373044,819611,123340,500000,1.5031,0.6995,5454
1782373059,820611,123495,500000,1.4973,0.6898,5418
1782373073,821611,123646,500000,1.5075,0.6969,5459
1782373087,822611,123796,500000,1.4993,0.6904,5434
1782373101,823611,123940,500000,1.5091,0.6905,5347
1782373115,824611,124092,500000,1.5074,0.6980,5460
1782373129,825611,124243,500000,1.5044,0.6958,5409
1782373144,826611,124394,500000,1.4911,0.6973,5412
1782373158,827611,124545,500000,1.4949,0.7002,5382
1782373174,828611,124693,500000,1.5078,0.6957,4582
1782373188,829611,124842,500000,1.5030,0.7005,5629
1782373201,830611,124990,500000,1.4996,0.7011,5599
1782373215,831611,125138,500000,1.5018,0.7150,5567
1782373229,832611,125289,500000,1.5054,0.7085,5607
1782373243,833611,125440,500000,1.5194,0.7080,5533
1782373257,834611,125589,500000,1.5177,0.7078,5563
1782373270,835611,125739,500000,1.5131,0.7031,5563
1782373284,836611,125890,500000,1.5224,0.7039,5557
1782373298,837611,126045,500000,1.5137,0.6988,5581
1782373312,838611,126193,500000,1.5243,0.7072,5502
1782373326,839611,126347,500000,1.5206,0.6994,5603
1782373340,840611,126495,500000,1.5121,0.6983,5579
1782373353,841611,126644,500000,1.5192,0.6992,5599
1782373367,842611,126791,500000,1.5174,0.7056,5544
1782373381,843611,126940,500000,1.5107,0.7102,5569
1782373394,844611,127087,500000,1.5198,0.6999,5499
1782373408,845611,127232,500000,1.5162,0.7046,5528
1782373422,846611,127383,500000,1.5096,0.7080,5554
1782373435,847611,127532,500000,1.5216,0.7118,5565
1782373449,848611,127678,500000,1.5142,0.7137,5550
1782373462,849611,127824,500000,1.5131,0.7118,5525
1782373476,850611,127974,500000,1.5164,0.7131,5601
1782373490,851611,128123,500000,1.5074,0.7191,5556
1782373507,852611,128267,500000,1.5108,0.7154,4425
1782373520,853611,128414,500000,1.5078,0.7184,5523
1782373533,854611,128556,500000,1.5062,0.7192,5559
1782373547,855611,128702,500000,1.5249,0.7207,5525
1782373560,856611,128849,500000,1.5046,0.7199,5519
1782373574,857611,128996,500000,1.5053,0.7205,5531
1782373588,858611,129144,500000,1.5110,0.7188,5567
1782373601,859611,129291,500000,1.5093,0.7195,5512
1782373615,860611,129440,500000,1.5059,0.7126,5516
1782373629,861611,129590,500000,1.5062,0.7093,5538
1782373643,862611,129742,500000,1.5002,0.7080,5514
1782373657,863611,129889,500000,1.5040,0.7112,5574
1782373670,864611,130036,500000,1.4978,0.7133,5540
1782373684,865611,130187,500000,1.5009,0.7116,5524
1782373698,866611,130337,500000,1.4995,0.7104,5478
1782373712,867611,130482,500000,1.5112,0.7125,5523
1782373726,868611,130632,500000,1.5021,0.7084,5511
1782373739,869611,130781,500000,1.5034,0.7023,5577
1782373753,870611,130929,500000,1.4994,0.7027,5489
1782373767,871611,131077,500000,1.4965,0.7033,5508
1782373781,872611,131228,500000,1.5016,0.7060,5566
1782373795,873611,131378,500000,1.5027,0.7101,5571
1782373808,874611,131526,500000,1.5096,0.7054,5542
1782373829,875611,131679,500000,1.5044,0.7093,3744
1782373843,876611,131830,500000,1.5039,0.7003,5446
1782373858,877611,131984,500000,1.5032,0.7085,5412
1782373872,878611,132133,500000,1.5005,0.7027,5404
1782373886,879611,132282,500000,1.4906,0.6996,5408
1782373900,880611,132431,500000,1.4970,0.7034,5370
1782373915,881611,132581,500000,1.4969,0.7080,5414
1782373929,882611,132733,500000,1.4999,0.7000,5346
1782373943,883611,132881,500000,1.5001,0.7057,5414
1782373957,884611,133032,500000,1.4965,0.7026,5389
1782373972,885611,133183,500000,1.4984,0.7058,5400
1782373986,886611,133335,500000,1.4949,0.7031,5460
1782374001,887611,133489,500000,1.4975,0.7029,5461
1782374015,888611,133643,500000,1.4972,0.7134,5460
1782374029,889611,133794,500000,1.4955,0.7088,5445
1782374043,890611,133938,500000,1.4894,0.7164,5322
1782374064,891611,134089,500000,1.4998,0.7147,3706
1782374078,892611,134242,500000,1.4982,0.7053,5494
1782374093,893611,134396,500000,1.4971,0.7052,5442
1782374107,894611,134551,500000,1.4898,0.7029,5473
1782374121,895611,134702,500000,1.4919,0.7033,5459
1782374136,896611,134855,500000,1.4985,0.6974,5457
1782374150,897611,135011,500000,1.4984,0.6999,5428
1782374165,898611,135161,500000,1.4892,0.6959,5368
1782374179,899611,135314,500000,1.4963,0.7001,5474
1782374194,900611,135468,500000,1.4856,0.7075,5454
1782374208,901611,135624,500000,1.4812,0.7077,5403
1782374223,902611,135776,500000,1.4913,0.7003,5442
1782374237,903611,135927,500000,1.4883,0.7014,5382
1782374251,904611,136079,500000,1.4966,0.6997,5462
1782374266,905611,136233,500000,1.4993,0.7029,5445
1782374280,906611,136386,500000,1.4931,0.7019,5479
1782374297,907611,136536,500000,1.4939,0.7079,4505
1782374311,908611,136687,500000,1.4904,0.7012,5678
1782374324,909611,136835,500000,1.4895,0.7032,5595
1782374337,910611,136981,500000,1.4975,0.7064,5646
1782374351,911611,137131,500000,1.4979,0.7061,5621
1782374365,912611,137281,500000,1.5043,0.7076,5573
1782374379,913611,137430,500000,1.5034,0.7068,5538
1782374393,914611,137581,500000,1.5009,0.6972,5540
1782374406,915611,137728,500000,1.4972,0.7002,5544
1782374420,916611,137877,500000,1.5033,0.7003,5543
1782374433,917611,138023,500000,1.5095,0.7049,5563
1782374447,918611,138172,500000,1.5020,0.7000,5519
1782374461,919611,138321,500000,1.4973,0.7001,5540
1782374475,920611,138472,500000,1.4974,0.7060,5559
1782374489,921611,138621,500000,1.4975,0.7063,5506
1782374502,922611,138770,500000,1.4915,0.7076,5578
1782374516,923611,138921,500000,1.5009,0.7066,5594
1782374530,924611,139070,500000,1.4944,0.7102,5615
1782374544,925611,139220,500000,1.5022,0.7127,5533
1782374557,926611,139368,500000,1.4942,0.7009,5603
1782374571,927611,139520,500000,1.5076,0.7028,5604
1782374585,928611,139669,500000,1.4997,0.7085,5520
1782374599,929611,139821,500000,1.4978,0.7011,5552
1782374612,930611,139965,500000,1.4953,0.7041,5454
1782374632,931611,140112,500000,1.4996,0.7067,3892
1782374646,932611,140261,500000,1.4940,0.7023,5364
1782374661,933611,140414,500000,1.5017,0.7128,5291
1782374675,934611,140562,500000,1.4915,0.7164,5286
1782374689,935611,140712,500000,1.4898,0.7110,5312
1782374704,936611,140861,500000,1.4868,0.7128,5307
1782374718,937611,141012,500000,1.4768,0.7143,5383
1782374733,938611,141165,500000,1.4884,0.7093,5351
1782374747,939611,141315,500000,1.4895,0.7111,5390
1782374761,940611,141464,500000,1.4958,0.7009,5398
1782374775,941611,141614,500000,1.4891,0.7077,5370
1782374790,942611,141769,500000,1.4840,0.7081,5502
1782374804,943611,141919,500000,1.4884,0.7025,5413
1782374818,944611,142068,500000,1.4939,0.7056,5394
1782374833,945611,142219,500000,1.4949,0.7007,5409
1782374850,946611,142367,500000,1.4874,0.7064,4350
1782374864,947611,142516,500000,1.5011,0.7022,5440
1782374878,948611,142666,500000,1.4863,0.7101,5479
1782374892,949611,142816,500000,1.4873,0.7017,5446
1782374906,950611,142968,500000,1.4932,0.7020,5450
1782374921,951611,143121,500000,1.4860,0.6963,5415
1782374935,952611,143269,500000,1.4886,0.6999,5363
1782374949,953611,143418,500000,1.4948,0.7035,5390
1782374963,954611,143566,500000,1.4964,0.7000,5395
1782374977,955611,143715,500000,1.4796,0.7047,5430
1782374991,956611,143861,500000,1.4857,0.7092,5401
1782375005,957611,144006,500000,1.4950,0.7065,5426
1782375019,958611,144155,500000,1.5029,0.7132,5451
1782375033,959611,144302,500000,1.4954,0.7157,5368
1782375047,960611,144453,500000,1.4952,0.7098,5469
1782375064,961611,144602,500000,1.4873,0.7090,4410
1782375078,962611,144749,500000,1.4892,0.7068,5462
1782375092,963611,144900,500000,1.4982,0.7051,5419
1782375106,964611,145051,500000,1.4910,0.7050,5481
1782375120,965611,145200,500000,1.4819,0.7024,5419
1782375135,966611,145351,500000,1.4902,0.7041,5426
1782375149,967611,145502,500000,1.4804,0.7045,5429
1782375163,968611,145651,500000,1.4840,0.7092,5445
1782375177,969611,145800,500000,1.4915,0.7010,5538
1782375191,970611,145954,500000,1.4915,0.6998,5618
1782375205,971611,146107,500000,1.4743,0.6892,5544
1782375219,972611,146259,500000,1.4788,0.6884,5533
1782375233,973611,146410,500000,1.4696,0.6841,5529
1782375247,974611,146565,500000,1.4777,0.6817,5557
1782375262,975611,146719,500000,1.4690,0.6857,5517
1782375276,976611,146871,500000,1.4783,0.6919,5477
1782375290,977611,147023,500000,1.4711,0.6909,5508
1782375304,978611,147178,500000,1.4733,0.6880,5526
1782375322,979611,147331,500000,1.4780,0.6874,4498
1782375336,980611,147481,500000,1.4828,0.6903,5414
1782375350,981611,147632,500000,1.4875,0.6902,5387
1782375364,982611,147778,500000,1.4908,0.6961,5444
1782375378,983611,147924,500000,1.4918,0.7013,5419
1782375392,984611,148073,500000,1.5046,0.7048,5361
1782375406,985611,148222,500000,1.4916,0.7079,5418
1782375420,986611,148372,500000,1.5050,0.7046,5434
1782375434,987611,148521,500000,1.5029,0.7024,5467
1782375448,988611,148672,500000,1.4953,0.7095,5505
1782375462,989611,148819,500000,1.4974,0.7084,5414
1782375476,990611,148967,500000,1.4947,0.7066,5453
1782375490,991611,149119,500000,1.4900,0.7088,5502
1782375504,992611,149267,500000,1.5046,0.7150,5463
1782375518,993611,149416,500000,1.4967,0.7079,5461
1782375532,994611,149568,500000,1.5028,0.7157,5445
1782375547,995611,149717,500000,1.5066,0.7049,5369
1782375566,996611,149865,500000,1.5032,0.7109,3853
1782375580,997611,150016,500000,1.4994,0.7110,5474
1782375594,998611,150166,500000,1.4985,0.7101,5506
1782375609,999611,150320,500000,1.4992,0.7030,5549
1782375623,1000611,150473,500000,1.4945,0.7084,5397
1782375637,1001611,150623,500000,1.4939,0.7073,5443
1782375652,1002611,150778,500000,1.4868,0.7040,5484
1782375666,1003611,150930,500000,1.4852,0.6955,5402
1782375680,1004611,151083,500000,1.4837,0.7025,5484
1782375695,1005611,151236,500000,1.4901,0.6980,5427
1782375709,1006611,151385,500000,1.4872,0.7023,5506
1782375723,1007611,151541,500000,1.4947,0.7088,5481
1782375737,1008611,151691,500000,1.4806,0.7087,5455
1782375751,1009611,151843,500000,1.4864,0.7051,5503
1782375766,1010611,151994,500000,1.4873,0.7102,5444
1782375780,1011611,152145,500000,1.4856,0.7145,5402
1782375797,1012611,152295,500000,1.4808,0.7134,4406
1782375812,1013611,152449,500000,1.4865,0.7122,5502
1782375826,1014611,152604,500000,1.4801,0.7004,5509
1782375840,1015611,152758,500000,1.4843,0.7058,5487
1782375855,1016611,152909,500000,1.4770,0.7031,5342
1782375869,1017611,153059,500000,1.4773,0.7095,5417
1782375883,1018611,153210,500000,1.4770,0.7067,5466
1782375897,1019611,153360,500000,1.4740,0.7070,5500
1782375912,1020611,153513,500000,1.4796,0.7039,5451
1782375926,1021611,153664,500000,1.4770,0.7006,5386
1782375940,1022611,153816,500000,1.4810,0.7012,5491
1782375954,1023611,153968,500000,1.4664,0.6948,5480
1782375969,1024611,154122,500000,1.4668,0.6990,5414
1782375983,1025611,154273,500000,1.4719,0.6974,5454
1782375997,1026611,154425,500000,1.4734,0.6917,5435
1782376011,1027611,154578,500000,1.4717,0.6963,5522
1782376026,1028611,154730,500000,1.4655,0.6982,5434
1782376043,1029611,154878,500000,1.4770,0.7010,4396
1782376057,1030611,155032,500000,1.4768,0.7062,5627
1782376071,1031611,155183,500000,1.4872,0.7077,5580
1782376084,1032611,155331,500000,1.4726,0.7030,5555
1782376098,1033611,155482,500000,1.4957,0.7091,5555
1782376112,1034611,155632,500000,1.4821,0.7150,5604
1782376126,1035611,155779,500000,1.4913,0.7129,5517
1782376139,1036611,155928,500000,1.4932,0.7171,5560
1782376153,1037611,156074,500000,1.4960,0.7133,5458
1782376167,1038611,156222,500000,1.4992,0.7189,5536
1782376181,1039611,156370,500000,1.5098,0.7200,5497
1782376195,1040611,156522,500000,1.4959,0.7185,5548
1782376209,1041611,156674,500000,1.4942,0.7203,5546
1782376222,1042611,156824,500000,1.4945,0.7194,5536
1782376236,1043611,156973,500000,1.4837,0.7136,5489
1782376250,1044611,157124,500000,1.4928,0.7168,5524
1782376264,1045611,157275,500000,1.4946,0.7151,5508
1782376278,1046611,157423,500000,1.4963,0.7094,5525
1782376292,1047611,157572,500000,1.4898,0.7099,5533
1782376305,1048611,157718,500000,1.4901,0.7179,5510
1782376319,1049611,157868,500000,1.4874,0.7113,5561
1782376336,1050611,158015,500000,1.4836,0.7141,4556
1782376350,1051611,158165,500000,1.4877,0.7065,5559
1782376363,1052611,158314,500000,1.4870,0.7089,5649
1782376377,1053611,158462,500000,1.5009,0.7117,5595
1782376390,1054611,158610,500000,1.4940,0.7137,5546
1782376404,1055611,158762,500000,1.4880,0.7113,5620
1782376418,1056611,158912,500000,1.4903,0.7190,5638
1782376431,1057611,159060,500000,1.4803,0.7076,5623
1782376445,1058611,159209,500000,1.4858,0.7128,5597
1782376459,1059611,159359,500000,1.4902,0.7154,5537
1782376472,1060611,159506,500000,1.4953,0.7084,5599
1782376486,1061611,159654,500000,1.4862,0.7152,5513
1782376500,1062611,159805,500000,1.4904,0.7136,5536
1782376513,1063611,159952,500000,1.4831,0.7105,5550
1782376527,1064611,160098,500000,1.4805,0.7102,5608
1782376540,1065611,160243,500000,1.4895,0.7085,5557
1782376554,1066611,160391,500000,1.4783,0.7095,5556
1782376568,1067611,160540,500000,1.4921,0.7126,5568
1782376581,1068611,160683,500000,1.4835,0.7091,5507
1782376595,1069611,160832,500000,1.4906,0.7127,5567
1782376608,1070611,160979,500000,1.4824,0.7134,5523
1782376622,1071611,161125,500000,1.4801,0.7081,5516
1782376636,1072611,161274,500000,1.4859,0.7073,5567
1782376649,1073611,161426,500000,1.4806,0.7067,5562
1782376666,1074611,161574,500000,1.4947,0.7050,4601
1782376680,1075611,161725,500000,1.4887,0.7109,5431
1782376695,1076611,161877,500000,1.4781,0.7124,5395
1782376709,1077611,162029,500000,1.4808,0.7042,5404
1782376723,1078611,162178,500000,1.4786,0.7089,5391
1782376737,1079611,162326,500000,1.4825,0.7128,5366
1782376752,1080611,162474,500000,1.4842,0.7131,5331
1782376766,1081611,162625,500000,1.4769,0.7110,5345
1782376780,1082611,162772,500000,1.4783,0.7093,5365
1782376794,1083611,162923,500000,1.4691,0.7110,5372
1782376809,1084611,163074,500000,1.4791,0.7139,5433
1782376823,1085611,163223,500000,1.4847,0.7075,5335
1782376837,1086611,163371,500000,1.4737,0.7116,5371
1782376852,1087611,163524,500000,1.4785,0.7185,5372
1782376866,1088611,163673,500000,1.4768,0.7096,5383
1782376880,1089611,163820,500000,1.4783,0.7137,5409
1782376894,1090611,163970,500000,1.4841,0.7129,5439
1782376911,1091611,164117,500000,1.4676,0.7175,4430
1782376925,1092611,164266,500000,1.4831,0.7110,5579
1782376938,1093611,164414,500000,1.4730,0.7127,5624
1782376951,1094611,164562,500000,1.4700,0.7129,5633
1782376965,1095611,164708,500000,1.4842,0.7108,5524
1782376979,1096611,164859,500000,1.4826,0.7108,5585
1782376993,1097611,165008,500000,1.4778,0.7058,5561
1782377006,1098611,165157,500000,1.4820,0.7001,5538
1782377020,1099611,165309,500000,1.4847,0.7061,5602
1782377034,1100611,165452,500000,1.4863,0.7022,5484
1782377047,1101611,165598,500000,1.4906,0.7072,5482
1782377061,1102611,165745,500000,1.4818,0.7043,5527
1782377075,1103611,165892,500000,1.4901,0.7103,5483
1782377089,1104611,166046,500000,1.4771,0.7055,5618
1782377102,1105611,166194,500000,1.4897,0.7095,5552
1782377116,1106611,166339,500000,1.4948,0.7091,5512
1782377129,1107611,166487,500000,1.4911,0.7163,5522
1782377143,1108611,166634,500000,1.4906,0.7139,5567
1782377157,1109611,166784,500000,1.4865,0.7085,5496
1782377171,1110611,166931,500000,1.4846,0.7122,5531
1782377184,1111611,167076,500000,1.4907,0.7146,5481
1782377202,1112611,167228,500000,1.4857,0.7127,4385
1782377216,1113611,167379,500000,1.4991,0.7075,5417
1782377231,1114611,167534,500000,1.4870,0.7129,5449
1782377245,1115611,167687,500000,1.4947,0.7049,5505
1782377259,1116611,167839,500000,1.4962,0.7040,5517
1782377273,1117611,167990,500000,1.4931,0.6977,5460
1782377288,1118611,168144,500000,1.4926,0.7008,5489
1782377302,1119611,168299,500000,1.4930,0.7091,5476
1782377316,1120611,168454,500000,1.4912,0.7032,5492
1782377331,1121611,168604,500000,1.4918,0.7116,5466
1782377344,1122611,168752,500000,1.4896,0.7086,5458
1782377359,1123611,168906,500000,1.4975,0.7144,5480
1782377373,1124611,169057,500000,1.4859,0.7120,5447
1782377387,1125611,169207,500000,1.4920,0.7157,5441
1782377401,1126611,169359,500000,1.4871,0.7126,5507
1782377415,1127611,169508,500000,1.4877,0.7246,5444
1782377429,1128611,169656,500000,1.4919,0.7212,5435
1782377446,1129611,169805,500000,1.4952,0.7255,4543
1782377462,1130611,169958,500000,1.5027,0.7152,5025
1782377476,1131611,170108,500000,1.4966,0.7182,5447
1782377490,1132611,170257,500000,1.4925,0.7108,5415
1782377504,1133611,170409,500000,1.4984,0.7116,5404
1782377518,1134611,170558,500000,1.4846,0.7062,5392
1782377533,1135611,170711,500000,1.4980,0.7068,5411
1782377547,1136611,170859,500000,1.4920,0.7076,5373
1782377561,1137611,171012,500000,1.5025,0.6981,5440
1782377575,1138611,171161,500000,1.4946,0.7030,5359
1782377590,1139611,171314,500000,1.4829,0.6974,5434
1782377604,1140611,171467,500000,1.4945,0.6977,5419
1782377618,1141611,171616,500000,1.4956,0.7088,5386
1782377633,1142611,171768,500000,1.4912,0.7110,5435
1782377647,1143611,171923,500000,1.4925,0.7106,5444
1782377661,1144611,172069,500000,1.4753,0.7043,5303
1782377676,1145611,172221,500000,1.4819,0.7093,5414
1782377690,1146611,172372,500000,1.4868,0.7029,5363
1782377704,1147611,172522,500000,1.4934,0.6993,5461
1782377718,1148611,172671,500000,1.4893,0.7043,5409
1782377733,1149611,172822,500000,1.4888,0.7011,5386
1782377747,1150611,172972,500000,1.4777,0.7024,5372
1782377761,1151611,173124,500000,1.4983,0.7068,5439
1782377776,1152611,173276,500000,1.4956,0.7115,5372
1782377790,1153611,173421,500000,1.4905,0.7133,5385
1782377804,1154611,173570,500000,1.4839,0.7134,5390
1782377818,1155611,173722,500000,1.4868,0.7122,5311
1782377833,1156611,173870,500000,1.4848,0.7058,5124
1782377848,1157611,174018,500000,1.4866,0.7029,5329
1782377862,1158611,174169,500000,1.4833,0.7052,5400
1782377876,1159611,174320,500000,1.4910,0.7086,5423
1782377890,1160611,174470,500000,1.4852,0.7022,5416
1782377905,1161611,174624,500000,1.4828,0.7059,5491
1782377919,1162611,174772,500000,1.4911,0.7107,5359
1782377933,1163611,174923,500000,1.4849,0.7119,5447
1782377947,1164611,175076,500000,1.4846,0.7111,5364
1782377962,1165611,175227,500000,1.4784,0.7016,5383
1782377976,1166611,175377,500000,1.4889,0.7034,5358
1782377990,1167611,175527,500000,1.4838,0.7034,5402
1782378005,1168611,175679,500000,1.4892,0.7029,5374
1782378019,1169611,175830,500000,1.4932,0.7012,5389
1782378033,1170611,175979,500000,1.4937,0.6997,5352
1782378048,1171611,176126,500000,1.4938,0.7017,5337
1782378062,1172611,176275,500000,1.4777,0.7104,5396
1782378076,1173611,176423,500000,1.4866,0.7044,5365
1782378090,1174611,176571,500000,1.4752,0.7098,5443
1782378104,1175611,176719,500000,1.4798,0.7082,5417
1782378118,1176611,176871,500000,1.4940,0.7167,5470
1782378132,1177611,177020,500000,1.4849,0.7142,5375
1782378146,1178611,177170,500000,1.4886,0.7134,5468
1782378161,1179611,177320,500000,1.4822,0.7089,5371
1782378175,1180611,177469,500000,1.4799,0.7135,5378
1782378191,1181611,177618,500000,1.4882,0.7138,4604
1782378206,1182611,177769,500000,1.4872,0.7110,5391
1782378220,1183611,177920,500000,1.4797,0.7142,5373
1782378235,1184611,178073,500000,1.4855,0.7082,5366
1782378249,1185611,178223,500000,1.4805,0.7111,5394
1782378263,1186611,178372,500000,1.4895,0.7116,5373
1782378277,1187611,178518,500000,1.4771,0.7100,5314
1782378291,1188611,178668,500000,1.4810,0.7144,5372
1782378306,1189611,178818,500000,1.4831,0.7137,5365
1782378320,1190611,178967,500000,1.4737,0.7103,5338
1782378334,1191611,179118,500000,1.4805,0.7160,5415
1782378348,1192611,179267,500000,1.4832,0.7084,5354
1782378363,1193611,179418,500000,1.4831,0.7074,5420
1782378377,1194611,179568,500000,1.4754,0.7060,5338
1782378391,1195611,179715,500000,1.4802,0.7048,5344
1782378406,1196611,179868,500000,1.4864,0.7090,5364
1782378420,1197611,180015,500000,1.4864,0.7042,5345
1782378434,1198611,180164,500000,1.4771,0.7094,5382
1782378448,1199611,180316,500000,1.4819,0.7055,5440
1782378463,1200611,180467,500000,1.4859,0.7053,5325
1782378477,1201611,180623,500000,1.4816,0.7105,5442
1782378492,1202611,180771,500000,1.4765,0.7046,5352
1782378506,1203611,180918,500000,1.4689,0.7097,5331
1782378520,1204611,181065,500000,1.4880,0.7093,5294
1782378535,1205611,181221,500000,1.4816,0.7067,5451
1782378549,1206611,181373,500000,1.4719,0.7050,5241
1782378564,1207611,181523,500000,1.4729,0.7028,5325
1782378578,1208611,181669,500000,1.4700,0.7047,5311
1782378592,1209611,181817,500000,1.4758,0.7079,5409
1782378606,1210611,181969,500000,1.4765,0.7111,5482
1782378620,1211611,182118,500000,1.4698,0.7147,5293
1782378635,1212611,182272,500000,1.4712,0.7194,5447
1782378650,1213611,182423,500000,1.4780,0.7210,5271
1782378664,1214611,182569,500000,1.4689,0.7165,5335
1782378678,1215611,182718,500000,1.4803,0.7240,5404
1782378692,1216611,182870,500000,1.4827,0.7151,5355
1782378707,1217611,183021,500000,1.4720,0.7087,5399
1782378721,1218611,183170,500000,1.4762,0.7061,5367
1782378735,1219611,183321,500000,1.4765,0.7010,5386
1782378753,1220611,183468,500000,1.4782,0.7084,4158
1782378769,1221611,183620,500000,1.4847,0.7032,4851
1782378785,1222611,183768,500000,1.4783,0.7110,4806
1782378801,1223611,183918,500000,1.4868,0.7125,4777
1782378817,1224611,184067,500000,1.4762,0.7218,4857
1782378833,1225611,184221,500000,1.4773,0.7189,4917
1782378849,1226611,184374,500000,1.4647,0.7187,4874
1782378865,1227611,184530,500000,1.4685,0.7145,4957
1782378881,1228611,184680,500000,1.4635,0.7128,4720
1782378898,1229611,184834,500000,1.4758,0.7182,4859
1782378913,1230611,184986,500000,1.4789,0.7135,4938
1782378930,1231611,185137,500000,1.4741,0.7176,4706
1782378946,1232611,185293,500000,1.4707,0.7135,4978
1782378962,1233611,185449,500000,1.4694,0.7106,4990
1782378979,1234611,185594,500000,1.4625,0.7137,4231
1782378993,1235611,185740,500000,1.4682,0.7131,5546
1782379007,1236611,185892,500000,1.4651,0.7149,5587
1782379021,1237611,186044,500000,1.4664,0.7144,5554
1782379035,1238611,186198,500000,1.4760,0.7150,5573
1782379049,1239611,186349,500000,1.4730,0.7133,5521
1782379063,1240611,186499,500000,1.4754,0.7152,5571
1782379077,1241611,186648,500000,1.4794,0.7071,5482
1782379091,1242611,186798,500000,1.4770,0.7101,5506
1782379105,1243611,186947,500000,1.4690,0.7109,5457
1782379118,1244611,187096,500000,1.4760,0.7138,5532
1782379133,1245611,187248,500000,1.4792,0.7176,5497
1782379147,1246611,187399,500000,1.4859,0.7146,5447
1782379161,1247611,187548,500000,1.4776,0.7188,5414
1782379175,1248611,187700,500000,1.4786,0.7130,5441
1782379189,1249611,187851,500000,1.4836,0.7213,5466
1782379203,1250611,188003,500000,1.4731,0.7170,5438
1782379221,1251611,188153,500000,1.4787,0.7190,4421
1782379234,1252611,188301,500000,1.4770,0.7152,5644
1782379248,1253611,188455,500000,1.4795,0.7104,5638
1782379262,1254611,188607,500000,1.4843,0.7060,5673
1782379276,1255611,188759,500000,1.4722,0.7031,5606
1782379289,1256611,188910,500000,1.4695,0.7057,5668
1782379303,1257611,189063,500000,1.4724,0.7063,5629
1782379317,1258611,189212,500000,1.4818,0.7037,5616
1782379330,1259611,189357,500000,1.4736,0.7085,5634
1782379344,1260611,189507,500000,1.4697,0.7151,5624
1782379357,1261611,189657,500000,1.4725,0.7104,5646
1782379371,1262611,189805,500000,1.4765,0.7049,5557
1782379384,1263611,189953,500000,1.4819,0.7077,5569
1782379398,1264611,190104,500000,1.4884,0.7135,5546
1782379412,1265611,190255,500000,1.4817,0.7108,5594
1782379426,1266611,190402,500000,1.4761,0.7162,5574
1782379439,1267611,190551,500000,1.4754,0.7158,5566
1782379453,1268611,190701,500000,1.4737,0.7172,5625
1782379467,1269611,190850,500000,1.4623,0.7188,5496
1782379481,1270611,191003,500000,1.4714,0.7210,5675
1782379495,1271611,191152,500000,1.4651,0.7184,5570
1782379508,1272611,191302,500000,1.4734,0.7130,5604
1782379522,1273611,191451,500000,1.4745,0.7112,5637
1782379540,1274611,191603,500000,1.4771,0.7134,4400
1782379554,1275611,191754,500000,1.4723,0.7088,5534
1782379568,1276611,191906,500000,1.4755,0.7086,5549
1782379581,1277611,192056,500000,1.4709,0.7137,5554
1782379596,1278611,192208,500000,1.4772,0.7131,5521
1782379610,1279611,192362,500000,1.4709,0.7167,5558
1782379624,1280611,192515,500000,1.4762,0.7105,5530
1782379638,1281611,192668,500000,1.4771,0.7104,5489
1782379652,1282611,192820,500000,1.4692,0.7094,5495
1782379666,1283611,192970,500000,1.4691,0.7109,5545
1782379680,1284611,193120,500000,1.4735,0.7170,5468
1782379695,1285611,193272,500000,1.4817,0.7136,5439
1782379709,1286611,193423,500000,1.4696,0.7189,5559
1782379723,1287611,193577,500000,1.4750,0.7181,5498
1782379737,1288611,193731,500000,1.4726,0.7122,5466
1782379751,1289611,193881,500000,1.4730,0.7148,5494
1782379765,1290611,194032,500000,1.4673,0.7205,5532
1782379779,1291611,194183,500000,1.4647,0.7161,5552
1782379793,1292611,194333,500000,1.4660,0.7212,5502
1782379811,1293611,194485,500000,1.4711,0.7291,4377
1782379825,1294611,194633,500000,1.4708,0.7249,5521
1782379838,1295611,194780,500000,1.4857,0.7251,5465
1782379852,1296611,194926,500000,1.4737,0.7220,5515
1782379866,1297611,195074,500000,1.4707,0.7240,5522
1782379879,1298611,195221,500000,1.4821,0.7248,5485
1782379893,1299611,195371,500000,1.4805,0.7189,5510
1782379907,1300611,195519,500000,1.4770,0.7166,5492
1782379921,1301611,195668,500000,1.4789,0.7172,5501
1782379935,1302611,195818,500000,1.4788,0.7142,5460
1782379949,1303611,195965,500000,1.4764,0.7190,5442
1782379963,1304611,196112,500000,1.4764,0.7213,5529
1782379977,1305611,196264,500000,1.4805,0.7180,5542
1782379991,1306611,196417,500000,1.4719,0.7192,5521
1782380005,1307611,196566,500000,1.4616,0.7125,5516
1782380018,1308611,196712,500000,1.4815,0.7179,5490
1782380032,1309611,196859,500000,1.4666,0.7208,5500
1782380046,1310611,197009,500000,1.4754,0.7204,5575
1782380060,1311611,197158,500000,1.4701,0.7193,5454
1782380076,1312611,197306,500000,1.4627,0.7238,4535
1782380090,1313611,197456,500000,1.4710,0.7190,5586
1782380104,1314611,197603,500000,1.4742,0.7230,5535
1782380118,1315611,197752,500000,1.4657,0.7092,5547
1782380131,1316611,197897,500000,1.4694,0.7136,5490
1782380145,1317611,198045,500000,1.4809,0.7104,5532
1782380159,1318611,198192,500000,1.4754,0.7140,5497
1782380172,1319611,198337,500000,1.4877,0.7112,5510
1782380186,1320611,198487,500000,1.4801,0.7099,5527
1782380199,1321611,198632,500000,1.4847,0.7122,5483
1782380213,1322611,198779,500000,1.4862,0.7117,5502
1782380227,1323611,198927,500000,1.4746,0.7125,5476
1782380241,1324611,199077,500000,1.4849,0.7120,5528
1782380255,1325611,199227,500000,1.4778,0.7066,5489
1782380268,1326611,199374,500000,1.4856,0.7004,5532
1782380282,1327611,199524,500000,1.4825,0.7130,5596
1782380296,1328611,199672,500000,1.4782,0.7068,5524
1782380310,1329611,199820,500000,1.4810,0.7107,5595
1782380323,1330611,199966,500000,1.4781,0.7052,5511
1782380337,1331611,200113,500000,1.4722,0.7048,5501
1782380353,1332611,200264,500000,1.4803,0.7044,4621
1782380368,1333611,200415,500000,1.4633,0.7088,5429
1782380382,1334611,200566,500000,1.4696,0.7091,5523
1782380396,1335611,200718,500000,1.4601,0.7113,5538
1782380410,1336611,200873,500000,1.4647,0.7015,5473
1782380424,1337611,201024,500000,1.4691,0.7035,5465
1782380439,1338611,201175,500000,1.4613,0.7058,5456
1782380453,1339611,201327,500000,1.4593,0.7053,5434
1782380467,1340611,201478,500000,1.4583,0.7086,5480
1782380481,1341611,201629,500000,1.4618,0.7026,5416
1782380496,1342611,201781,500000,1.4647,0.7041,5461
1782380510,1343611,201932,500000,1.4607,0.7010,5509
1782380524,1344611,202085,500000,1.4627,0.7009,5523
1782380538,1345611,202237,500000,1.4656,0.7017,5485
1782380552,1346611,202389,500000,1.4645,0.7022,5485
1782380566,1347611,202538,500000,1.4591,0.7094,5482
1782380580,1348611,202688,500000,1.4648,0.7122,5489
1782380594,1349611,202839,500000,1.4649,0.7167,5418
1782380614,1350611,202994,500000,1.4659,0.7131,3987
1782380630,1351611,203150,500000,1.4654,0.7118,4933
1782380646,1352611,203302,500000,1.4587,0.7123,4861
1782380662,1353611,203457,500000,1.4605,0.7187,4902
1782380678,1354611,203609,500000,1.4618,0.7132,4913
1782380694,1355611,203760,500000,1.4590,0.7107,4857
1782380710,1356611,203912,500000,1.4638,0.7170,4936
1782380728,1357611,204063,500000,1.4579,0.7196,4228
1782380742,1358611,204211,500000,1.4544,0.7180,5549
1782380756,1359611,204356,500000,1.4664,0.7164,5499
1782380769,1360611,204506,500000,1.4716,0.7148,5568
1782380783,1361611,204657,500000,1.4760,0.7182,5499
1782380797,1362611,204804,500000,1.4781,0.7132,5468
1782380811,1363611,204953,500000,1.4839,0.7105,5462
1782380825,1364611,205103,500000,1.4809,0.7081,5489
1782380840,1365611,205256,500000,1.4735,0.7057,5451
1782380854,1366611,205407,500000,1.4809,0.7044,5425
1782380868,1367611,205557,500000,1.4690,0.7092,5443
1782380882,1368611,205706,500000,1.4692,0.7076,5453
1782380896,1369611,205857,500000,1.4656,0.7155,5420
1782380910,1370611,206004,500000,1.4615,0.7144,5444
1782380924,1371611,206155,500000,1.4676,0.7098,5449
1782380938,1372611,206305,500000,1.4703,0.7141,5488
1782380958,1373611,206458,500000,1.4769,0.7199,3962
1782380973,1374611,206612,500000,1.4662,0.7153,5175
1782380988,1375611,206765,500000,1.4697,0.7172,5198
1782381003,1376611,206915,500000,1.4701,0.7129,5090
1782381018,1377611,207065,500000,1.4638,0.7105,5104
1782381033,1378611,207213,500000,1.4636,0.7239,5092
1782381048,1379611,207365,500000,1.4702,0.7209,5145
1782381064,1380611,207520,500000,1.4717,0.7274,5104
1782381079,1381611,207673,500000,1.4679,0.7270,5125
1782381098,1382611,207832,500000,1.4650,0.7247,4380
1782381112,1383611,207983,500000,1.4643,0.7293,5504
1782381126,1384611,208134,500000,1.4608,0.7253,5537
1782381140,1385611,208285,500000,1.4790,0.7204,5524
1782381154,1386611,208437,500000,1.4700,0.7209,5486
1782381168,1387611,208590,500000,1.4688,0.7146,5481
1782381182,1388611,208740,500000,1.4684,0.7161,5543
1782381196,1389611,208890,500000,1.4671,0.7176,5493
1782381210,1390611,209043,500000,1.4642,0.7133,5515
1782381224,1391611,209192,500000,1.4788,0.7102,5451
1782381238,1392611,209344,500000,1.4716,0.7135,5507
1782381252,1393611,209493,500000,1.4651,0.7070,5543
1782381266,1394611,209647,500000,1.4695,0.7102,5474
1782381281,1395611,209799,500000,1.4784,0.7132,5431
1782381294,1396611,209946,500000,1.4833,0.7173,5463
1782381309,1397611,210101,500000,1.4698,0.7161,5494
1782381323,1398611,210254,500000,1.4754,0.7125,5484
1782381340,1399611,210405,500000,1.4616,0.7154,4537
1782381354,1400611,210555,500000,1.4618,0.7213,5470
1782381368,1401611,210704,500000,1.4765,0.7187,5470
1782381382,1402611,210853,500000,1.4704,0.7187,5471
1782381396,1403611,211003,500000,1.4741,0.7107,5380
1782381410,1404611,211152,500000,1.4630,0.7117,5472
1782381424,1405611,211300,500000,1.4777,0.7149,5425
1782381438,1406611,211449,500000,1.4684,0.7092,5494
1782381452,1407611,211601,500000,1.4735,0.7132,5435
1782381466,1408611,211746,500000,1.4732,0.7156,5384
1782381480,1409611,211894,500000,1.4726,0.7149,5494
1782381494,1410611,212045,500000,1.4704,0.7204,5472
1782381508,1411611,212199,500000,1.4686,0.7187,5457
1782381522,1412611,212346,500000,1.4733,0.7191,5353
1782381536,1413611,212496,500000,1.4713,0.7181,5458
1782381551,1414611,212647,500000,1.4616,0.7159,5430
1782381565,1415611,212797,500000,1.4646,0.7263,5435
1782381583,1416611,212950,500000,1.4674,0.7210,4419
1782381596,1417611,213098,500000,1.4675,0.7130,5533
1782381610,1418611,213248,500000,1.4764,0.7162,5497
1782381624,1419611,213399,500000,1.4800,0.7113,5454
1782381638,1420611,213547,500000,1.4629,0.7135,5569
1782381652,1421611,213698,500000,1.4721,0.7126,5562
1782381666,1422611,213850,500000,1.4741,0.7115,5516
1782381680,1423611,214000,500000,1.4770,0.7119,5513
1782381694,1424611,214154,500000,1.4766,0.7154,5535
1782381708,1425611,214302,500000,1.4722,0.7111,5484
1782381722,1426611,214451,500000,1.4750,0.7151,5511
1782381736,1427611,214601,500000,1.4678,0.7203,5559
1782381750,1428611,214754,500000,1.4791,0.7169,5514
1782381764,1429611,214905,500000,1.4724,0.7113,5464
1782381778,1430611,215053,500000,1.4692,0.7121,5478
1782381792,1431611,215202,500000,1.4770,0.7112,5514
1782381805,1432611,215348,500000,1.4700,0.7107,5497
1782381819,1433611,215500,500000,1.4625,0.7090,5519
1782381833,1434611,215650,500000,1.4708,0.7174,5544
1782381851,1435611,215803,500000,1.4585,0.7126,4448
1782381865,1436611,215955,500000,1.4621,0.7185,5483
1782381879,1437611,216108,500000,1.4650,0.7152,5558
1782381893,1438611,216262,500000,1.4545,0.7191,5547
1782381908,1439611,216417,500000,1.4565,0.7139,5574
1782381922,1440611,216569,500000,1.4612,0.7092,5561
1782381936,1441611,216721,500000,1.4567,0.7117,5550
1782381950,1442611,216877,500000,1.4598,0.7119,5567
1782381964,1443611,217028,500000,1.4590,0.7194,5482
1782381978,1444611,217179,500000,1.4595,0.7203,5527
1782381992,1445611,217332,500000,1.4580,0.7202,5543
1782382007,1446611,217490,500000,1.4595,0.7231,5495
1782382021,1447611,217643,500000,1.4635,0.7127,5527
1782382036,1448611,217796,500000,1.4512,0.7120,5493
1782382050,1449611,217952,500000,1.4723,0.7082,5460
1782382064,1450611,218106,500000,1.4565,0.7102,5515
1782382079,1451611,218259,500000,1.4578,0.7047,5552
1782382093,1452611,218415,500000,1.4632,0.7061,5538
1782382107,1453611,218566,500000,1.4643,0.7138,5537
1782382121,1454611,218725,500000,1.4701,0.7132,5579
1782382139,1455611,218878,500000,1.4704,0.7122,4425
1782382153,1456611,219029,500000,1.4666,0.7132,5423
1782382167,1457611,219178,500000,1.4553,0.7106,5463
1782382182,1458611,219329,500000,1.4703,0.7109,5466
1782382196,1459611,219483,500000,1.4552,0.7072,5541
1782382210,1460611,219639,500000,1.4702,0.7036,5511
1782382224,1461611,219791,500000,1.4705,0.7069,5489
1782382238,1462611,219938,500000,1.4663,0.7057,5409
1782382253,1463611,220090,500000,1.4789,0.7009,5510
1782382267,1464611,220241,500000,1.4599,0.7049,5463
1782382281,1465611,220391,500000,1.4704,0.7113,5445
1782382295,1466611,220541,500000,1.4678,0.7095,5492
1782382309,1467611,220692,500000,1.4736,0.7110,5446
1782382323,1468611,220841,500000,1.4719,0.7007,5459
1782382337,1469611,220990,500000,1.4703,0.7098,5442
1782382351,1470611,221143,500000,1.4697,0.7084,5443
1782382365,1471611,221293,500000,1.4648,0.7069,5477
1782382383,1472611,221444,500000,1.4640,0.7075,4378
1782382397,1473611,221593,500000,1.4623,0.7180,5437
1782382411,1474611,221740,500000,1.4754,0.7119,5473
1782382425,1475611,221892,500000,1.4698,0.7135,5480
1782382439,1476611,222043,500000,1.4695,0.7223,5452
1782382453,1477611,222196,500000,1.4691,0.7217,5467
1782382468,1478611,222351,500000,1.4713,0.7201,5465
1782382482,1479611,222503,500000,1.4727,0.7181,5438
1782382497,1480611,222657,500000,1.4706,0.7192,5428
1782382511,1481611,222808,500000,1.4810,0.7110,5440
1782382525,1482611,222961,500000,1.4734,0.7194,5480
1782382540,1483611,223113,500000,1.4727,0.7111,5439
1782382554,1484611,223270,500000,1.4838,0.7065,5496
1782382569,1485611,223422,500000,1.4755,0.7094,5458
1782382583,1486611,223574,500000,1.4692,0.7132,5460
1782382597,1487611,223727,500000,1.4659,0.7159,5477
1782382611,1488611,223878,500000,1.4724,0.7165,5356
1782382629,1489611,224027,500000,1.4788,0.7204,4437
1782382642,1490611,224177,500000,1.4796,0.7182,5616
1782382656,1491611,224327,500000,1.4791,0.7168,5654
1782382670,1492611,224479,500000,1.4688,0.7211,5620
1782382683,1493611,224625,500000,1.4736,0.7180,5609
1782382697,1494611,224774,500000,1.4683,0.7151,5541
1782382710,1495611,224920,500000,1.4674,0.7130,5656
1782382724,1496611,225072,500000,1.4584,0.7186,5646
1782382737,1497611,225222,500000,1.4673,0.7197,5609
1782382751,1498611,225372,500000,1.4603,0.7151,5560
1782382765,1499611,225525,500000,1.4664,0.7156,5553
1782382779,1500611,225675,500000,1.4640,0.7120,5552
1782382793,1501611,225831,500000,1.4706,0.7147,5735
1782382807,1502611,225986,500000,1.4734,0.7129,5689
1782382821,1503611,226139,500000,1.4625,0.7066,5633
1782382835,1504611,226294,500000,1.4599,0.6995,5645
1782382849,1505611,226446,500000,1.4584,0.7068,5611
1782382863,1506611,226600,500000,1.4582,0.7026,5659
1782382876,1507611,226751,500000,1.4512,0.7088,5665
1782382890,1508611,226901,500000,1.4526,0.7101,5672
1782382904,1509611,227055,500000,1.4562,0.7081,5643
1782382918,1510611,227208,500000,1.4530,0.7046,5715
1782382931,1511611,227358,500000,1.4523,0.7118,5694
1782382945,1512611,227510,500000,1.4559,0.7030,5688
1782382959,1513611,227663,500000,1.4556,0.7054,5723
1782382972,1514611,227815,500000,1.4592,0.7163,5710
1782382986,1515611,227968,500000,1.4633,0.7148,5681
1782383000,1516611,228120,500000,1.4623,0.7112,5691
1782383014,1517611,228275,500000,1.4702,0.7162,5704
1782383031,1518611,228426,500000,1.4675,0.7163,4446
1782383045,1519611,228579,500000,1.4739,0.7161,5416
1782383060,1520611,228731,500000,1.4607,0.7170,5335
1782383075,1521611,228883,500000,1.4628,0.7221,5381
1782383089,1522611,229034,500000,1.4730,0.7145,5435
1782383103,1523611,229183,500000,1.4782,0.7192,5431
1782383117,1524611,229333,500000,1.4823,0.7210,5452
1782383131,1525611,229483,500000,1.4865,0.7183,5429
1782383145,1526611,229636,500000,1.4865,0.7209,5559
1782383159,1527611,229788,500000,1.4824,0.7218,5482
1782383174,1528611,229941,500000,1.4842,0.7258,5508
1782383188,1529611,230091,500000,1.4917,0.7258,5498
1782383202,1530611,230246,500000,1.4864,0.7267,5447
1782383216,1531611,230394,500000,1.4929,0.7281,5403
1782383230,1532611,230545,500000,1.4880,0.7250,5443
1782383245,1533611,230696,500000,1.4776,0.7290,5451
1782383259,1534611,230847,500000,1.4865,0.7281,5398
1782383279,1535611,231001,500000,1.4858,0.7344,4003
1782383293,1536611,231151,500000,1.4765,0.7269,5505
1782383307,1537611,231302,500000,1.4819,0.7319,5480
1782383321,1538611,231451,500000,1.4822,0.7198,5501
1782383335,1539611,231607,500000,1.4661,0.7221,5461
1782383350,1540611,231761,500000,1.4729,0.7249,5157
1782383365,1541611,231910,500000,1.4620,0.7195,5218
1782383379,1542611,232061,500000,1.4574,0.7201,5445
1782383393,1543611,232212,500000,1.4677,0.7226,5534
1782383407,1544611,232365,500000,1.4619,0.7189,5497
1782383421,1545611,232515,500000,1.4586,0.7095,5530
1782383435,1546611,232663,500000,1.4731,0.7140,5466
1782383449,1547611,232813,500000,1.4656,0.7158,5503
1782383463,1548611,232964,500000,1.4719,0.7130,5521
1782383477,1549611,233115,500000,1.4694,0.7144,5538
1782383491,1550611,233262,500000,1.4639,0.7153,5467
1782383505,1551611,233412,500000,1.4679,0.7169,5413
1782383519,1552611,233564,500000,1.4766,0.7124,5523
1782383537,1553611,233717,500000,1.4701,0.7118,4510
1782383551,1554611,233873,500000,1.4545,0.7093,5601
1782383565,1555611,234027,500000,1.4608,0.6983,5596
1782383579,1556611,234182,500000,1.4508,0.6982,5657
1782383593,1557611,234332,500000,1.4695,0.6912,5555
1782383607,1558611,234483,500000,1.4532,0.6927,5441
1782383621,1559611,234632,500000,1.4478,0.7005,5507
1782383635,1560611,234779,500000,1.4615,0.7041,5432
1782383649,1561611,234930,500000,1.4695,0.7117,5512
1782383663,1562611,235080,500000,1.4653,0.7129,5456
1782383677,1563611,235226,500000,1.4604,0.7170,5429
1782383691,1564611,235378,500000,1.4601,0.7183,5504
1782383705,1565611,235531,500000,1.4684,0.7129,5424
1782383720,1566611,235681,500000,1.4606,0.7149,5411
1782383734,1567611,235831,500000,1.4660,0.7083,5472
1782383748,1568611,235982,500000,1.4682,0.7158,5433
1782383762,1569611,236133,500000,1.4599,0.7130,5448
1782383779,1570611,236287,500000,1.4636,0.7142,4674
1782383792,1571611,236434,500000,1.4638,0.7152,5589
1782383806,1572611,236582,500000,1.4711,0.7171,5646
1782383820,1573611,236733,500000,1.4725,0.7126,5551
1782383834,1574611,236883,500000,1.4707,0.7155,5563
1782383847,1575611,237028,500000,1.4707,0.7102,5589
1782383860,1576611,237176,500000,1.4761,0.7115,5607
1782383874,1577611,237326,500000,1.4708,0.7167,5617
1782383888,1578611,237476,500000,1.4763,0.7106,5548
1782383901,1579611,237624,500000,1.4664,0.7102,5597
1782383915,1580611,237770,500000,1.4722,0.7202,5611
1782383929,1581611,237921,500000,1.4722,0.7198,5558
1782383942,1582611,238071,500000,1.4656,0.7227,5576
1782383956,1583611,238220,500000,1.4664,0.7154,5463
1782383970,1584611,238364,500000,1.4680,0.7165,5503
1782383984,1585611,238513,500000,1.4635,0.7173,5468
1782383997,1586611,238660,500000,1.4690,0.7149,5568
1782384011,1587611,238811,500000,1.4749,0.7171,5590
1782384025,1588611,238959,500000,1.4696,0.7070,5553
1782384038,1589611,239108,500000,1.4666,0.7121,5505
1782384052,1590611,239258,500000,1.4647,0.7154,5562
1782384066,1591611,239407,500000,1.4552,0.7082,5543
1782384080,1592611,239555,500000,1.4632,0.7088,5561
1782384098,1593611,239709,500000,1.4694,0.7156,4393
1782384112,1594611,239861,500000,1.4608,0.7179,5531
1782384126,1595611,240011,500000,1.4564,0.7140,5514
1782384140,1596611,240162,500000,1.4591,0.7128,5508
1782384154,1597611,240315,500000,1.4576,0.7088,5538
1782384168,1598611,240466,500000,1.4625,0.7148,5544
1782384182,1599611,240616,500000,1.4648,0.7126,5500
1782384196,1600611,240765,500000,1.4627,0.7155,5471
1782384209,1601611,240913,500000,1.4673,0.7232,5532
1782384223,1602611,241063,500000,1.4697,0.7235,5540
1782384237,1603611,241213,500000,1.4660,0.7256,5482
1782384251,1604611,241362,500000,1.4775,0.7212,5464
1782384265,1605611,241511,500000,1.4760,0.7262,5470
1782384279,1606611,241664,500000,1.4789,0.7211,5515
1782384293,1607611,241813,500000,1.4785,0.7235,5508
1782384307,1608611,241964,500000,1.4813,0.7152,5500
1782384322,1609611,242117,500000,1.4752,0.7181,5482
1782384336,1610611,242269,500000,1.4705,0.7209,5483
1782384350,1611611,242420,500000,1.4689,0.7157,5508
1782384363,1612611,242568,500000,1.4707,0.7173,5541
1782384380,1613611,242717,500000,1.4735,0.7220,4733
1782384393,1614611,242865,500000,1.4715,0.7257,5488
1782384407,1615611,243013,500000,1.4633,0.7277,5483
1782384421,1616611,243162,500000,1.4608,0.7258,5387
1782384435,1617611,243311,500000,1.4695,0.7276,5441
1782384449,1618611,243459,500000,1.4682,0.7212,5443
1782384463,1619611,243610,500000,1.4504,0.7133,5484
1782384478,1620611,243763,500000,1.4543,0.7174,5557
1782384492,1621611,243913,500000,1.4573,0.7123,5448
1782384506,1622611,244062,500000,1.4657,0.7068,5487
1782384520,1623611,244213,500000,1.4591,0.7079,5400
1782384534,1624611,244366,500000,1.4608,0.7126,5466
1782384548,1625611,244520,500000,1.4559,0.7124,5513
1782384563,1626611,244675,500000,1.4571,0.7125,5439
1782384577,1627611,244826,500000,1.4641,0.7073,5447
1782384591,1628611,244977,500000,1.4530,0.7067,5480
1782384605,1629611,245126,500000,1.4699,0.7028,5519
1782384619,1630611,245279,500000,1.4636,0.7041,5492
1782384637,1631611,245425,500000,1.4575,0.7115,4367
1782384651,1632611,245575,500000,1.4510,0.7111,5419
1782384665,1633611,245723,500000,1.4591,0.7151,5463
1782384679,1634611,245873,500000,1.4539,0.7100,5426
1782384693,1635611,246022,500000,1.4501,0.7169,5435
1782384707,1636611,246172,500000,1.4536,0.7152,5399
1782384721,1637611,246322,500000,1.4562,0.7099,5426
1782384735,1638611,246470,500000,1.4546,0.7082,5451
1782384749,1639611,246618,500000,1.4549,0.7094,5464
1782384762,1640611,246763,500000,1.4541,0.7078,5459
1782384776,1641611,246912,500000,1.4580,0.7201,5468
1782384790,1642611,247061,500000,1.4592,0.7116,5429
1782384805,1643611,247211,500000,1.4610,0.7201,5399
1782384818,1644611,247358,500000,1.4655,0.7182,5453
1782384832,1645611,247504,500000,1.4552,0.7195,5437
1782384846,1646611,247655,500000,1.4502,0.7214,5495
1782384860,1647611,247804,500000,1.4493,0.7201,5449
1782384877,1648611,247953,500000,1.4570,0.7142,4560
1782384891,1649611,248099,500000,1.4438,0.7189,5359
1782384905,1650611,248249,500000,1.4564,0.7189,5463
1782384919,1651611,248400,500000,1.4607,0.7189,5417
1782384933,1652611,248550,500000,1.4593,0.7167,5448
1782384948,1653611,248699,500000,1.4608,0.7254,5381
1782384962,1654611,248848,500000,1.4660,0.7290,5370
1782384976,1655611,248999,500000,1.4718,0.7314,5406
1782384990,1656611,249150,500000,1.4665,0.7293,5416
1782385005,1657611,249302,500000,1.4636,0.7305,5420
1782385019,1658611,249450,500000,1.4623,0.7364,5412
1782385033,1659611,249603,500000,1.4633,0.7304,5479
1782385047,1660611,249755,500000,1.4635,0.7303,5452
1782385061,1661611,249905,500000,1.4656,0.7321,5452
1782385075,1662611,250052,500000,1.4734,0.7238,5452
1782385089,1663611,250201,500000,1.4739,0.7271,5394
1782385104,1664611,250351,500000,1.4767,0.7256,5410
1782385121,1665611,250503,500000,1.4693,0.7266,4331
1782385136,1666611,250655,500000,1.4699,0.7235,5452
1782385150,1667611,250806,500000,1.4637,0.7177,5415
1782385164,1668611,250956,500000,1.4642,0.7200,5408
1782385178,1669611,251105,500000,1.4514,0.7195,5456
1782385192,1670611,251254,500000,1.4544,0.7237,5395
1782385207,1671611,251405,500000,1.4608,0.7223,5427
1782385221,1672611,251555,500000,1.4506,0.7240,5409
1782385235,1673611,251705,500000,1.4513,0.7239,5431
1782385249,1674611,251858,500000,1.4533,0.7214,5603
1782385263,1675611,252008,500000,1.4618,0.7131,5446
1782385277,1676611,252163,500000,1.4494,0.7115,5472
1782385292,1677611,252316,500000,1.4523,0.7092,5506
1782385306,1678611,252468,500000,1.4585,0.7053,5514
1782385320,1679611,252620,500000,1.4555,0.7011,5507
1782385334,1680611,252774,500000,1.4522,0.6981,5562
1782385348,1681611,252924,500000,1.4515,0.7009,5518
1782385365,1682611,253076,500000,1.4531,0.7050,4600
1782385379,1683611,253224,500000,1.4426,0.7036,5394
1782385393,1684611,253369,500000,1.4548,0.7080,5384
1782385407,1685611,253518,500000,1.4511,0.7120,5367
1782385421,1686611,253669,500000,1.4489,0.7194,5389
1782385435,1687611,253817,500000,1.4640,0.7222,5490
1782385449,1688611,253968,500000,1.4517,0.7175,5460
1782385463,1689611,254113,500000,1.4680,0.7194,5378
1782385478,1690611,254265,500000,1.4589,0.7210,5418
1782385492,1691611,254413,500000,1.4576,0.7243,5404
1782385505,1692611,254558,500000,1.4596,0.7255,5368
1782385519,1693611,254704,500000,1.4653,0.7229,5389
1782385533,1694611,254853,500000,1.4581,0.7258,5449
1782385547,1695611,255005,500000,1.4646,0.7367,5464
1782385561,1696611,255154,500000,1.4652,0.7287,5431
1782385575,1697611,255301,500000,1.4646,0.7252,5458
1782385589,1698611,255450,500000,1.4575,0.7235,5412
1782385607,1699611,255601,500000,1.4594,0.7301,4426
1782385621,1700611,255749,500000,1.4620,0.7257,5502
1782385635,1701611,255900,500000,1.4518,0.7176,5460
1782385649,1702611,256050,500000,1.4595,0.7255,5586
1782385662,1703611,256196,500000,1.4636,0.7301,5460
1782385676,1704611,256347,500000,1.4534,0.7318,5489
1782385690,1705611,256496,500000,1.4570,0.7328,5494
1782385705,1706611,256648,500000,1.4564,0.7250,5451
1782385719,1707611,256799,500000,1.4577,0.7266,5457
1782385733,1708611,256951,500000,1.4607,0.7237,5474
1782385747,1709611,257102,500000,1.4580,0.7262,5528
1782385761,1710611,257253,500000,1.4572,0.7185,5394
1782385775,1711611,257404,500000,1.4527,0.7167,5402
1782385789,1712611,257551,500000,1.4548,0.7127,5394
1782385804,1713611,257704,500000,1.4589,0.7189,5540
1782385818,1714611,257855,500000,1.4543,0.7162,5534
1782385831,1715611,258005,500000,1.4573,0.7198,5513
1782385846,1716611,258158,500000,1.4520,0.7147,5504
1782385860,1717611,258308,500000,1.4598,0.7146,5446
1782385874,1718611,258457,500000,1.4623,0.7219,5524
1782385892,1719611,258605,500000,1.4586,0.7158,4094
1782385906,1720611,258752,500000,1.4615,0.7174,5515
1782385920,1721611,258898,500000,1.4592,0.7126,5410
1782385934,1722611,259046,500000,1.4603,0.7178,5400
1782385948,1723611,259195,500000,1.4654,0.7150,5446
1782385962,1724611,259342,500000,1.4676,0.7173,5401
1782385975,1725611,259488,500000,1.4620,0.7265,5363
1782385990,1726611,259638,500000,1.4556,0.7285,5355
1782386004,1727611,259787,500000,1.4522,0.7302,5437
1782386018,1728611,259934,500000,1.4608,0.7322,5305
1782386032,1729611,260086,500000,1.4580,0.7302,5526
1782386046,1730611,260237,500000,1.4519,0.7208,5354
1782386061,1731611,260386,500000,1.4541,0.7225,5428
1782386075,1732611,260536,500000,1.4421,0.7183,5449
1782386089,1733611,260687,500000,1.4516,0.7195,5408
1782386103,1734611,260838,500000,1.4473,0.7120,5435
1782386120,1735611,260987,500000,1.4509,0.7126,4535
1782386134,1736611,261135,500000,1.4555,0.7153,5432
1782386148,1737611,261287,500000,1.4537,0.7175,5382
1782386162,1738611,261436,500000,1.4569,0.7109,5471
1782386176,1739611,261584,500000,1.4602,0.7054,5398
1782386190,1740611,261732,500000,1.4695,0.7153,5439
1782386205,1741611,261882,500000,1.4556,0.7133,5297
1782386219,1742611,262032,500000,1.4598,0.7080,5462
1782386233,1743611,262178,500000,1.4552,0.7073,5431
1782386247,1744611,262325,500000,1.4519,0.7138,5374
1782386261,1745611,262476,500000,1.4501,0.7131,5521
1782386275,1746611,262624,500000,1.4549,0.7236,5382
1782386289,1747611,262776,500000,1.4539,0.7200,5417
1782386303,1748611,262922,500000,1.4614,0.7199,5388
1782386317,1749611,263073,500000,1.4519,0.7235,5407
1782386331,1750611,263222,500000,1.4595,0.7195,5389
1782386349,1751611,263372,500000,1.4446,0.7226,4419
1782386363,1752611,263521,500000,1.4552,0.7147,5526
1782386376,1753611,263669,500000,1.4504,0.7178,5566
1782386390,1754611,263819,500000,1.4552,0.7136,5585
1782386404,1755611,263966,500000,1.4633,0.7182,5492
1782386418,1756611,264118,500000,1.4604,0.7189,5579
1782386432,1757611,264267,500000,1.4568,0.7172,5501
1782386445,1758611,264419,500000,1.4534,0.7206,5592
1782386460,1759611,264572,500000,1.4499,0.7217,5567
1782386473,1760611,264719,500000,1.4492,0.7198,5397
1782386487,1761611,264868,500000,1.4554,0.7207,5609
1782386501,1762611,265020,500000,1.4573,0.7213,5551
1782386515,1763611,265169,500000,1.4540,0.7186,5480
1782386529,1764611,265319,500000,1.4552,0.7216,5535
1782386543,1765611,265470,500000,1.4582,0.7283,5509
1782386557,1766611,265621,500000,1.4543,0.7233,5594
1782386571,1767611,265768,500000,1.4605,0.7230,5410
1782386584,1768611,265916,500000,1.4495,0.7266,5502
1782386598,1769611,266067,500000,1.4535,0.7302,5519
1782386612,1770611,266217,500000,1.4623,0.7287,5546
1782386626,1771611,266369,500000,1.4534,0.7341,5475
1782386644,1772611,266518,500000,1.4514,0.7322,4385
1782386658,1773611,266671,500000,1.4581,0.7225,5498
1782386673,1774611,266825,500000,1.4496,0.7210,5470
1782386687,1775611,266978,500000,1.4512,0.7168,5513
1782386701,1776611,267131,500000,1.4430,0.7034,5530
1782386715,1777611,267289,500000,1.4489,0.7005,5614
1782386730,1778611,267441,500000,1.4456,0.7042,5469
1782386744,1779611,267596,500000,1.4493,0.7013,5483
1782391558,1780611,267752,500000,1.4527,0.7081,17
