time,games,steps,buffer,policy_loss,value_loss,games_per_min
1781311683,11,0,367,nan,nan,3.69
1782391830,1780619,267754,500000,1.4316,0.6607,76.59
1782392148,1780651,267762,500000,1.4457,0.7048,6.82
1782392304,1780683,267775,500000,1.4324,0.6928,12.42
1782392488,1780715,267787,500000,1.4681,0.6882,10.44
1782392638,1780747,267799,500000,1.4739,0.6813,12.89
1782392771,1780779,267811,500000,1.4607,0.6812,14.54
1782392972,1780811,267822,500000,1.4698,0.6809,9.57
1782393101,1780843,267834,500000,1.4711,0.6649,15.09
1782393282,1780876,267847,500000,1.4699,0.6601,10.95
1782393425,1780908,267858,500000,1.4545,0.6689,13.51
1782393579,1780940,267870,500000,1.4530,0.6565,12.53
1782393720,1780972,267881,500000,1.4811,0.6504,13.79
1782393864,1781004,267892,500000,1.4957,0.6498,13.37
1782394048,1781036,267903,500000,1.4822,0.6756,10.50
1782394197,1781068,267915,500000,1.5028,0.6443,13.12
1782394382,1781103,267929,500000,1.4893,0.6487,11.40
1782394517,1781135,267941,500000,1.4729,0.6586,14.78
1782394720,1781168,267953,500000,1.4952,0.6283,9.77
1782394853,1781201,267965,500000,1.4676,0.6237,15.00
1782395033,1781233,267976,500000,1.5087,0.6325,10.72
1782395165,1781266,267989,500000,1.4858,0.6207,15.05
1782395352,1781300,268001,500000,1.4722,0.6184,11.01
1782395507,1781332,268013,500000,1.5150,0.6289,12.46
1782395690,1781364,268025,500000,1.4833,0.6125,10.53
1782395824,1781396,268037,500000,1.5083,0.6201,14.36
1782396010,1781428,268049,500000,1.5069,0.6215,10.38
1782396171,1781461,268062,500000,1.4963,0.6006,12.40
1782396327,1781493,268073,500000,1.5341,0.6202,12.31
1782396476,1781525,268085,500000,1.5132,0.6087,13.01
1782396655,1781557,268097,500000,1.5197,0.6022,10.76
1782396807,1781589,268108,500000,1.5133,0.5951,12.72
1782396989,1781621,268121,500000,1.5261,0.6081,10.58
1782397135,1781653,268133,500000,1.5504,0.5974,13.22
1782397276,1781686,268145,500000,1.5358,0.5855,14.17
1782397420,1781718,268156,500000,1.5234,0.5850,13.39
1782397586,1781750,268166,500000,1.5309,0.5816,11.60
1782397755,1781782,268178,500000,1.5521,0.5572,11.43
1782397907,1781814,268190,500000,1.5362,0.5831,12.75
1782398074,1781846,268202,500000,1.5465,0.5662,11.51
1782398248,1781879,268215,500000,1.5370,0.5792,11.66
1782398418,1781911,268226,500000,1.5349,0.5683,11.31
1782398579,1781943,268239,500000,1.5391,0.5581,12.01
1782398727,1781975,268250,500000,1.5486,0.5656,13.03
1782398875,1782007,268262,500000,1.5473,0.5596,13.04
1782399054,1782039,268273,500000,1.5178,0.5585,10.82
1782399198,1782071,268286,500000,1.5492,0.5477,13.42
1782399352,1782103,268297,500000,1.5637,0.5544,12.46
1782399573,1782135,268309,500000,1.5431,0.5425,8.73
1782399708,1782168,268323,500000,1.5612,0.5453,14.86
1782399901,1782201,268337,500000,1.5652,0.5388,10.30
1782400059,1782234,268349,500000,1.5535,0.5296,12.59
1782400228,1782266,268361,500000,1.5581,0.5428,11.37
1782400390,1782299,268373,500000,1.5560,0.5282,12.31
1782400578,1782332,268385,500000,1.5742,0.5196,10.61
1782400674,1782365,268397,500000,1.5694,0.4996,20.74
1782400899,1782398,268410,500000,1.5848,0.5309,8.84
1782401067,1782430,268423,500000,1.5893,0.5182,11.43
1782401209,1782462,268435,500000,1.5848,0.5121,13.67
1782401363,1782494,268446,500000,1.5708,0.5210,12.49
1782401533,1782526,268457,500000,1.5963,0.5162,11.34
1782401698,1782558,268469,500000,1.6106,0.5277,11.74
1782401853,1782590,268483,500000,1.6089,0.5021,12.41
1782402027,1782622,268495,500000,1.6151,0.5073,11.08
1782402184,1782654,268506,500000,1.5926,0.4969,12.33
1782402312,1782686,268516,500000,1.6341,0.4987,15.06
1782402469,1782718,268528,500000,1.5837,0.4924,12.33
1782402632,1782750,268539,500000,1.6035,0.4923,11.79
1782402815,1782782,268552,500000,1.6312,0.4896,10.57
1782402971,1782814,268566,500000,1.6243,0.4940,12.35
1782403155,1782846,268577,500000,1.6145,0.4843,10.51
1782403283,1782878,268589,500000,1.6151,0.4774,15.05
1782403451,1782910,268600,500000,1.6294,0.4855,11.69
1782403635,1782942,268612,500000,1.6195,0.4635,10.49
1782403806,1782974,268625,500000,1.6379,0.4867,11.25
1782403975,1783006,268638,500000,1.6292,0.4821,11.44
1782404149,1783038,268651,500000,1.6165,0.4650,11.11
1782404268,1783070,268663,500000,1.6265,0.4680,16.20
1782404467,1783103,268674,500000,1.6553,0.4641,9.98
1782404630,1783135,268686,500000,1.6372,0.4622,11.86
1782404763,1783169,268700,500000,1.6855,0.4702,15.54
1782404938,1783201,268710,500000,1.6596,0.4727,11.05
1782405085,1783234,268722,500000,1.6586,0.4468,13.50
1782405261,1783266,268734,500000,1.6386,0.4392,11.01
1782405392,1783298,268746,500000,1.6539,0.4509,14.73
1782405562,1783330,268757,500000,1.6633,0.4446,11.38
1782405709,1783363,268768,500000,1.6487,0.4521,13.52
1782405868,1783395,268780,500000,1.6520,0.4517,12.17
1782406031,1783427,268792,500000,1.6549,0.4538,11.80
1782406205,1783459,268803,500000,1.6452,0.4503,11.10
1782406339,1783493,268815,500000,1.6601,0.4243,15.40
1782406533,1783525,268828,500000,1.6733,0.4350,9.92
1782406694,1783558,268840,500000,1.6786,0.4308,12.37
1782406842,1783590,268853,500000,1.7040,0.4255,13.03
1782406994,1783623,268863,500000,1.6933,0.4318,13.08
1782407161,1783655,268874,500000,1.6900,0.4265,11.59
1782407303,1783687,268887,500000,1.6754,0.4297,13.58
1782407466,1783719,268899,500000,1.7072,0.4318,11.86
1782407609,1783752,268909,500000,1.6835,0.4329,13.94
1782407771,1783784,268922,500000,1.6961,0.4112,11.96
1782407937,1783816,268932,500000,1.6715,0.4114,11.60
1782408083,1783848,268943,500000,1.7186,0.4241,13.24
1782408233,1783881,268956,500000,1.7124,0.4058,13.26
1782408391,1783914,268968,500000,1.7113,0.4167,12.59
1782408535,1783946,268980,500000,1.6867,0.4251,13.49
1782408703,1783978,268992,500000,1.6883,0.4005,11.45
1782408857,1784010,269003,500000,1.7521,0.3988,12.52
1782409054,1784042,269015,500000,1.7126,0.3938,9.79
1782409194,1784074,269028,500000,1.7309,0.3749,13.83
1782409350,1784106,269040,500000,1.7196,0.3954,12.36
1782409507,1784139,269053,500000,1.7142,0.3862,12.69
1782409673,1784171,269065,500000,1.7131,0.3951,11.64
1782409811,1784203,269076,500000,1.7373,0.3749,14.00
1782409989,1784236,269087,500000,1.7256,0.3842,11.22
1782410149,1784268,269100,500000,1.7331,0.3956,12.03
1782410279,1784300,269111,500000,1.7311,0.3715,14.91
1782410436,1784332,269121,500000,1.7362,0.3928,12.27
1782410611,1784364,269134,500000,1.7296,0.3790,11.02
1782410763,1784396,269145,500000,1.7403,0.3724,12.71
1782410918,1784430,269157,500000,1.7596,0.3843,13.23
1782411091,1784463,269169,500000,1.7329,0.3836,11.55
1782411236,1784495,269181,500000,1.7605,0.3809,13.25
1782411396,1784528,269193,500000,1.7435,0.3637,12.44
1782411547,1784560,269204,500000,1.7746,0.3655,12.87
1782411696,1784592,269216,500000,1.7667,0.3627,12.90
1782411869,1784624,269229,500000,1.7586,0.3551,11.21
1782412040,1784657,269241,500000,1.7636,0.3625,11.61
1782412146,1784689,269252,500000,1.7636,0.3773,18.28
1782412334,1784721,269263,500000,1.7572,0.3661,10.28
1782412474,1784753,269275,500000,1.7707,0.3517,13.76
1782412638,1784785,269286,500000,1.7652,0.3500,11.79
1782412803,1784817,269298,500000,1.7670,0.3457,11.69
1782412936,1784849,269310,500000,1.7690,0.3342,14.52
1782413090,1784881,269322,500000,1.7465,0.3469,12.52
1782413265,1784913,269333,500000,1.7513,0.3364,11.03
1782413436,1784945,269345,500000,1.7815,0.3355,11.34
1782413569,1784977,269358,500000,1.7802,0.3468,14.51
1782413776,1785009,269370,500000,1.7740,0.3368,9.30
1782413903,1785041,269383,500000,1.7872,0.3452,15.27
1782414076,1785074,269394,500000,1.7660,0.3456,11.52
1782414203,1785106,269405,500000,1.7947,0.3426,15.20
1782414353,1785138,269416,500000,1.7880,0.3409,12.84
1782414506,1785171,269428,500000,1.7907,0.3270,13.04
1782414650,1785203,269439,500000,1.8146,0.3326,13.38
1782414813,1785235,269450,500000,1.7777,0.3266,11.90
1782414942,1785267,269462,500000,1.7966,0.3217,14.99
1782415103,1785299,269472,500000,1.7944,0.3198,11.98
1782415306,1785331,269482,500000,1.8180,0.3210,9.50
1782415447,1785363,269496,500000,1.8253,0.3219,13.66
1782415588,1785395,269508,500000,1.8120,0.3126,13.73
1782415755,1785428,269520,500000,1.8037,0.3161,11.92
1782415909,1785461,269531,500000,1.8190,0.3160,12.96
1782416052,1785493,269543,500000,1.8160,0.3119,13.53
1782416231,1785525,269554,500000,1.8179,0.3112,10.74
1782416380,1785558,269567,500000,1.8253,0.2992,13.38
1782416514,1785590,269579,500000,1.8116,0.3139,14.43
1782416715,1785623,269591,500000,1.8156,0.3028,9.92
1782416833,1785655,269602,500000,1.8306,0.3026,16.31
1782417048,1785687,269613,500000,1.8322,0.3149,9.00
1782417160,1785719,269626,500000,1.8319,0.3012,17.32
1782417309,1785751,269638,500000,1.8362,0.3029,12.94
1782417460,1785783,269649,500000,1.8337,0.3056,12.81
1782417617,1785815,269660,500000,1.8143,0.2952,12.24
1782417761,1785848,269673,500000,1.8337,0.2858,13.90
1782417908,1785880,269684,500000,1.8420,0.2925,13.14
1782418069,1785913,269694,500000,1.8341,0.2848,12.32
1782418199,1785945,269706,500000,1.8605,0.2980,14.93
1782418369,1785977,269718,500000,1.8372,0.2864,11.33
1782418554,1786009,269730,500000,1.8361,0.2829,10.44
1782418737,1786042,269744,500000,1.8489,0.2836,10.89
1782418861,1786074,269756,500000,1.8283,0.2986,15.53
1782419031,1786106,269766,500000,1.8594,0.3024,11.40
1782419177,1786139,269778,500000,1.8357,0.2899,13.62
1782419352,1786171,269790,500000,1.8553,0.2919,11.05
1782419512,1786203,269801,500000,1.8428,0.2925,12.07
1782419672,1786235,269814,500000,1.8335,0.2933,12.07
1782419839,1786267,269826,500000,1.8394,0.2898,11.50
1782420002,1786299,269839,500000,1.8284,0.2982,11.91
1782420155,1786331,269851,500000,1.8362,0.2856,12.58
1782420336,1786363,269864,500000,1.8457,0.2837,10.65
1782420497,1786397,269877,500000,1.8337,0.2800,12.75
1782420695,1786431,269890,500000,1.8300,0.2870,10.37
